Episodes,Status,Studios,Genres,Ratings,Scores,Rank,Popularity,Members,Favorites,titles,SP
25,Finished Airing,Wit Studio,"Action, Drama",R - 17+ (violence & profanity),8.53,100,1,"3,510,395","155,195",Shingeki no Kyojin,"['Crunchyroll', 'Funimation']"
37,Finished Airing,Madhouse,"Supernatural, Suspense",R - 17+ (violence & profanity),8.62,73,2,"3,491,046","159,080",Death Note,"['Crunchyroll', 'Funimation']"
64,Finished Airing,Bones,"Action, Adventure, Drama, Fantasy",R - 17+ (violence & profanity),9.13,1,3,"2,966,462","206,903",Fullmetal Alchemist: Brotherhood,"['Crunchyroll', 'Funimation']"
12,Finished Airing,Madhouse,"Action, Comedy",R - 17+ (violence & profanity),8.51,110,4,"2,868,306","59,353",One Punch Man,"['Crunchyroll', 'Funimation']"
25,Finished Airing,A-1 Pictures,"Action, Adventure, Fantasy, Romance",PG-13 - Teens 13 or older,7.20,3018,5,"2,805,024","64,861",Sword Art Online,"['Crunchyroll', 'Funimation']"
13,Finished Airing,Bones,Genre: Action,PG-13 - Teens 13 or older,7.92,670,6,"2,698,039","52,063",Boku no Hero Academia,"['Crunchyroll', 'Funimation']"
12,Finished Airing,Pierrot,"Action, Fantasy, Horror",R - 17+ (violence & profanity),7.79,912,7,"2,547,096","47,252",Tokyo Ghoul,"['Crunchyroll', 'Funimation']"
220,Finished Airing,Pierrot,"Action, Adventure, Fantasy",PG-13 - Teens 13 or older,7.97,605,8,"2,546,671","71,501",Naruto,"['Crunchyroll', 'Funimation']"
26,Finished Airing,ufotable,"Action, Fantasy",R - 17+ (violence & profanity),8.54,96,9,"2,534,543","82,761",Kimetsu no Yaiba,"['Crunchyroll', 'Funimation']"
148,Finished Airing,Madhouse,"Action, Adventure, Fantasy",PG-13 - Teens 13 or older,9.04,9,10,"2,451,264","187,689",Hunter x Hunter (2011),"['Crunchyroll', 'Netflix']"
1,Finished Airing,CoMix Wave Films,"Drama, Supernatural",PG-13 - Teens 13 or older,8.86,22,11,"2,419,574","83,196",Kimi no Na wa.,['Netflix']
12,Finished Airing,Wit Studio,"Action, Drama",R - 17+ (violence & profanity),8.50,118,12,"2,384,824","20,076",Shingeki no Kyojin Season 2,"['Crunchyroll', 'Netflix']"
24,Finished Airing,White Fox,"Drama, Sci-Fi, Suspense",PG-13 - Teens 13 or older,9.08,4,13,"2,291,234","174,629",Steins;Gate,"['Crunchyroll', 'Funimation']"
25,Finished Airing,Bones,Genre: Action,PG-13 - Teens 13 or older,8.14,387,14,"2,260,075","17,138",Boku no Hero Academia 2nd Season,"['Crunchyroll', 'Netflix']"
12,Finished Airing,Madhouse,"Comedy, Fantasy, Ecchi",PG-13 - Teens 13 or older,8.10,440,15,"2,194,196","46,605",No Game No Life,"['HIDIVE', 'Netflix']"
500,Finished Airing,Pierrot,"Action, Adventure, Fantasy",PG-13 - Teens 13 or older,8.24,288,16,"2,177,917","100,263",Naruto: Shippuuden,"['Crunchyroll', 'Netflix']"
25,Finished Airing,Sunrise,"Action, Drama, Sci-Fi",R - 17+ (violence & profanity),8.70,49,17,"2,033,724","101,043",Code Geass: Hangyaku no Lelouch,"['Crunchyroll', 'Funimation']"
12,Finished Airing,Wit Studio,"Action, Drama",R - 17+ (violence & profanity),8.62,71,18,"2,029,345","18,850",Shingeki no Kyojin Season 3,"['Crunchyroll', 'Netflix']"
1,Finished Airing,Kyoto Animation,Genre: Drama,PG-13 - Teens 13 or older,8.95,15,19,"2,027,446","78,359",Koe no Katachi,['Netflix']
25,Finished Airing,J.C.Staff,"Drama, Romance",PG-13 - Teens 13 or older,8.10,443,20,"2,015,316","53,899",Toradora!,"['Crunchyroll', 'Funimation']"
22,Finished Airing,A-1 Pictures,"Drama, Romance",PG-13 - Teens 13 or older,8.66,59,21,"1,982,520","80,525",Shigatsu wa Kimi no Uso,"['Crunchyroll', 'Funimation']"
12,Finished Airing,Bones,"Action, Fantasy",PG-13 - Teens 13 or older,7.96,612,22,"1,972,399","31,527",Noragami,"['Crunchyroll', 'Funimation']"
25,Finished Airing,White Fox,"Drama, Fantasy, Suspense",R - 17+ (violence & profanity),8.24,291,23,"1,968,351","62,125",Re:Zero kara Hajimeru Isekai Seikatsu,"['Crunchyroll', 'Netflix']"
24,Finished Airing,MAPPA,"Action, Fantasy",R - 17+ (violence & profanity),8.67,52,24,"1,965,267","73,477",Jujutsu Kaisen,"['Crunchyroll', 'Funimation']"
Unknown,Currently Airing,Toei Animation,"Action, Adventure, Fantasy",PG-13 - Teens 13 or older,8.66,58,25,"1,954,404","175,917",One Piece,"['Crunchyroll', 'Funimation']"
25,Finished Airing,Bones,Genre: Action,PG-13 - Teens 13 or older,8.07,476,26,"1,944,228","12,718",Boku no Hero Academia 3rd Season,"['Crunchyroll', 'Netflix']"
13,Finished Airing,P.A. Works,"Drama, Supernatural",PG-13 - Teens 13 or older,8.07,475,27,"1,930,344","46,577",Angel Beats!,"['Crunchyroll', 'Funimation']"
10,Finished Airing,Wit Studio,"Action, Drama",R - 17+ (violence & profanity),9.07,5,28,"1,911,557","52,386",Shingeki no Kyojin Season 3 Part 2,"['Crunchyroll', 'Netflix']"
24,Finished Airing,White Fox,"Action, Fantasy",R - 17+ (violence & profanity),7.47,1762,29,"1,884,163","26,791",Akame ga Kill!,"['Crunchyroll', 'HIDIVE']"
24,Finished Airing,A-1 Pictures,"Action, Adventure, Fantasy",PG-13 - Teens 13 or older,7.70,1104,30,"1,872,556","18,935",Nanatsu no Taizai,['Netflix']
12,Finished Airing,A-1 Pictures,Genre: Mystery,R - 17+ (violence & profanity),8.31,228,31,"1,872,181","44,389",Boku dake ga Inai Machi,"['Crunchyroll', 'Funimation']"
26,Finished Airing,asread.,"Action, Supernatural, Suspense",R+ - Mild Nudity,7.44,1865,32,"1,863,200","29,493",Mirai Nikki (TV),"['Crunchyroll', 'Funimation']"
24,Finished Airing,A-1 Pictures,"Action, Adventure, Fantasy, Romance",PG-13 - Teens 13 or older,6.70,5334,33,"1,808,440","9,058",Sword Art Online II,"['Crunchyroll', 'Netflix']"
22,Finished Airing,Lerche,"Action, Comedy",PG-13 - Teens 13 or older,8.10,434,34,"1,784,589","27,377",Ansatsu Kyoushitsu,"['Crunchyroll', 'Funimation']"
12,Finished Airing,Bones,"Action, Comedy, Supernatural",PG-13 - Teens 13 or older,8.48,125,35,"1,784,438","40,405",Mob Psycho 100,"['Crunchyroll', 'Funimation']"
25,Finished Airing,A-1 Pictures,"Action, Fantasy",PG-13 - Teens 13 or older,7.51,1653,36,"1,769,129","16,231",Ao no Exorcist,"['Crunchyroll', 'Funimation']"
25,Finished Airing,Production I.G,Genre: Sports,PG-13 - Teens 13 or older,8.45,140,37,"1,743,281","67,754",Haikyuu!!,"['Crunchyroll', 'Netflix']"
10,Finished Airing,Studio Deen,"Adventure, Comedy, Fantasy",PG-13 - Teens 13 or older,8.12,414,38,"1,740,616","41,638",Kono Subarashii Sekai ni Shukufuku wo!,"['Crunchyroll', 'Netflix']"
12,Finished Airing,CloverWorks,"Mystery, Sci-Fi, Suspense",R - 17+ (violence & profanity),8.53,102,39,"1,738,016","31,436",Yakusoku no Neverland,"['Crunchyroll', 'Funimation']"
366,Finished Airing,Pierrot,"Action, Adventure, Fantasy",PG-13 - Teens 13 or older,7.87,752,40,"1,701,568","61,973",Bleach,"['Crunchyroll', 'Funimation']"
24,Finished Airing,Madhouse,"Action, Horror, Sci-Fi",R - 17+ (violence & profanity),8.35,195,41,"1,671,445","31,809",Kiseijuu: Sei no Kakuritsu,"['Crunchyroll', 'HIDIVE']"
16,Finished Airing,MAPPA,"Action, Drama",R - 17+ (violence & profanity),8.83,25,42,"1,658,808","50,238",Shingeki no Kyojin: The Final Season,"['Crunchyroll', 'Netflix']"
26,Finished Airing,Sunrise,"Action, Sci-Fi",R - 17+ (violence & profanity),8.75,38,43,"1,656,886","73,583",Cowboy Bebop,"['Crunchyroll', 'Funimation']"
1,Finished Airing,Studio Ghibli,"Adventure, Award Winning, Supernatural",PG - Children,8.78,33,44,"1,650,985","29,176",Sen to Chihiro no Kamikakushi,['Netflix']
12,Finished Airing,Pierrot,"Action, Fantasy, Horror",R - 17+ (violence & profanity),7.03,3817,45,"1,618,963","10,116",Tokyo Ghoul √A,"['Crunchyroll', 'Shahid']"
175,Finished Airing,"Satelight, A-1 Pictures","Action, Adventure, Fantasy",PG-13 - Teens 13 or older,7.58,1424,46,"1,608,976","44,307",Fairy Tail,"['Crunchyroll', 'Funimation']"
25,Finished Airing,Sunrise,"Action, Drama, Sci-Fi",R - 17+ (violence & profanity),8.91,19,47,"1,603,809","71,861",Code Geass: Hangyaku no Lelouch R2,"['Crunchyroll', 'Funimation']"
26,Finished Airing,"Gainax, Tatsunoko Production","Action, Avant Garde, Drama, Sci-Fi",PG-13 - Teens 13 or older,8.34,201,48,"1,598,485","93,809",Neon Genesis Evangelion,['Netflix']
12,Finished Airing,Madhouse,"Drama, Supernatural, Suspense",R - 17+ (violence & profanity),8.16,365,49,"1,589,218","26,261",Death Parade,"['Funimation', 'Netflix']"
24,Finished Airing,Trigger,"Action, Comedy, Ecchi",PG-13 - Teens 13 or older,8.04,506,50,"1,579,502","35,594",Kill la Kill,"['Crunchyroll', 'Funimation']"
13,Finished Airing,Kyoto Animation,"Drama, Fantasy, Slice of Life",PG-13 - Teens 13 or older,8.67,57,51,"1,552,438","53,312",Violet Evergarden,['Netflix']
12,Finished Airing,P.A. Works,"Horror, Mystery, Supernatural, Suspense",R - 17+ (violence & profanity),7.49,1716,52,"1,526,213","16,324",Another,"['Crunchyroll', 'Netflix']"
13,Finished Airing,CloverWorks,"Comedy, Drama, Romance, Supernatural",PG-13 - Teens 13 or older,8.26,270,53,"1,509,208","42,624",Seishun Buta Yarou wa Bunny Girl Senpai no Yume wo Minai,"['Crunchyroll', 'Funimation']"
24,Finished Airing,J.C.Staff,"Gourmet, Ecchi",PG-13 - Teens 13 or older,8.18,357,54,"1,508,057","23,130",Shokugeki no Souma,"['HIDIVE', 'Netflix']"
25,Finished Airing,Bones,Genre: Action,PG-13 - Teens 13 or older,7.94,644,55,"1,499,532","8,084",Boku no Hero Academia 4th Season,"['Crunchyroll', 'Netflix']"
22,Finished Airing,Production I.G,"Action, Sci-Fi, Suspense",R - 17+ (violence & profanity),8.35,191,57,"1,491,756","36,389",Psycho-Pass,"['Crunchyroll', 'Funimation']"
51,Finished Airing,Bones,"Action, Comedy, Fantasy, Supernatural",PG-13 - Teens 13 or older,7.84,812,56,"1,491,698","24,650",Soul Eater,"['Crunchyroll', 'Funimation']"
24,Finished Airing,TMS Entertainment,"Adventure, Comedy, Sci-Fi",PG-13 - Teens 13 or older,8.29,247,58,"1,490,137","24,848",Dr. Stone,"['Crunchyroll', 'Funimation']"
12,Finished Airing,A-1 Pictures,Genre: Comedy,PG-13 - Teens 13 or older,8.41,158,59,"1,487,225","35,133",Kaguya-sama wa Kokurasetai: Tensai-tachi no Renai Zunousen,"['Crunchyroll', 'Funimation']"
11,Finished Airing,A-1 Pictures,"Drama, Slice of Life, Supernatural",PG-13 - Teens 13 or older,8.32,211,60,"1,487,019","31,749",Ano Hi Mita Hana no Namae wo Bokutachi wa Mada Shiranai.,"['Crunchyroll', 'Funimation']"
27,Finished Airing,Gainax,"Action, Adventure, Comedy, Sci-Fi",PG-13 - Teens 13 or older,8.63,69,61,"1,474,677","73,174",Tengen Toppa Gurren Lagann,"['Crunchyroll', 'Funimation']"
12,Finished Airing,J.C.Staff,"Action, Comedy",R - 17+ (violence & profanity),7.47,1780,62,"1,463,988","5,834",One Punch Man 2nd Season,['Crunchyroll']
24,Finished Airing,"A-1 Pictures, Trigger, CloverWorks","Action, Drama, Romance, Sci-Fi",PG-13 - Teens 13 or older,7.23,2840,63,"1,459,109","29,526",Darling in the FranXX,"['Crunchyroll', 'Funimation']"
26,Finished Airing,David Production,"Action, Adventure, Supernatural",R - 17+ (violence & profanity),7.91,685,64,"1,452,808","33,938",JoJo no Kimyou na Bouken (TV),"['Crunchyroll', 'Netflix']"
13,Finished Airing,P.A. Works,Genre: Drama,PG-13 - Teens 13 or older,7.75,974,65,"1,442,121","21,142",Charlotte,"['Crunchyroll', 'Funimation']"
13,Finished Airing,White Fox,"Comedy, Fantasy, Romance, Supernatural",PG-13 - Teens 13 or older,7.77,939,66,"1,414,302","10,895",Hataraku Maou-sama!,"['Crunchyroll', 'Funimation']"
13,Finished Airing,"Arms, Studio Guts","Action, Drama, Horror, Romance, Supernatural",R+ - Mild Nudity,7.50,1676,67,"1,403,457","22,817",Elfen Lied,['HIDIVE']
170,Finished Airing,Pierrot,"Action, Comedy, Fantasy",PG-13 - Teens 13 or older,8.13,404,68,"1,398,350","39,289",Black Clover,"['Crunchyroll', 'Funimation']"
13,Finished Airing,Madhouse,"Action, Adventure, Fantasy, Supernatural",R - 17+ (violence & profanity),7.92,665,69,"1,396,971","23,172",Overlord,"['Crunchyroll', 'Funimation']"
13,Finished Airing,J.C.Staff,"Action, Adventure, Comedy, Fantasy, Romance",PG-13 - Teens 13 or older,7.56,1464,70,"1,380,893","11,076",Dungeon ni Deai wo Motomeru no wa Machigatteiru Darou ka,"['HIDIVE', 'Netflix']"
25,Finished Airing,Kinema Citrus,"Action, Adventure, Drama, Fantasy",PG-13 - Teens 13 or older,8.01,560,71,"1,380,460","25,330",Tate no Yuusha no Nariagari,"['Crunchyroll', 'Funimation']"
13,Finished Airing,ufotable,"Action, Fantasy, Supernatural",R - 17+ (violence & profanity),8.29,248,72,"1,379,370","32,370",Fate/Zero,"['Crunchyroll', 'Funimation']"
12,Finished Airing,Madhouse,"Action, Horror, Supernatural, Ecchi",R+ - Mild Nudity,7.08,3593,73,"1,378,425","9,500",Highschool of the Dead,"['HIDIVE', 'Netflix']"
51,Finished Airing,Bones,"Action, Adventure, Drama, Fantasy",R - 17+ (violence & profanity),8.12,412,74,"1,371,151","24,849",Fullmetal Alchemist,['Netflix']
10,Finished Airing,Studio Deen,"Adventure, Comedy, Fantasy",PG-13 - Teens 13 or older,8.28,253,75,"1,345,461","11,420",Kono Subarashii Sekai ni Shukufuku wo! 2,"['Crunchyroll', 'Netflix']"
13,Finished Airing,Bones,"Action, Fantasy",PG-13 - Teens 13 or older,8.17,359,76,"1,334,587","11,234",Noragami Aragoto,['Crunchyroll']
23,Finished Airing,Kyoto Animation,"Drama, Romance, Supernatural",PG-13 - Teens 13 or older,8.01,551,77,"1,316,870","26,622",Clannad,"['Funimation', 'HIDIVE']"
12,Finished Airing,MAPPA,"Drama, Mystery",R - 17+ (violence & profanity),7.26,2679,78,"1,312,400","10,015",Kakegurui,['Netflix']
24,Finished Airing,Brain's Base,"Action, Mystery, Supernatural",R - 17+ (violence & profanity),8.12,411,79,"1,309,028","29,314",Durarara!!,"['Funimation', 'Netflix']"
15,Finished Airing,Shaft,"Mystery, Romance, Supernatural",R - 17+ (violence & profanity),8.34,197,80,"1,299,387","46,722",Bakemonogatari,"['Crunchyroll', 'Funimation']"
12,Finished Airing,TNK,"Comedy, Romance, Ecchi",R+ - Mild Nudity,7.34,2298,81,"1,296,066","21,112",High School DxD,"['Funimation', 'Netflix']"
13,Finished Airing,Brain's Base,"Comedy, Romance",PG-13 - Teens 13 or older,8.02,546,82,"1,287,696","26,829",Yahari Ore no Seishun Love Comedy wa Machigatteiru.,"['HIDIVE', 'Shahid']"
13,Finished Airing,Bones,"Action, Comedy, Supernatural",PG-13 - Teens 13 or older,8.81,28,83,"1,282,517","29,700",Mob Psycho 100 II,['Crunchyroll']
25,Finished Airing,Production I.G,Genre: Sports,PG-13 - Teens 13 or older,8.64,66,84,"1,272,781","15,207",Haikyuu!! Second Season,['Crunchyroll']
25,Finished Airing,Lerche,"Action, Comedy",PG-13 - Teens 13 or older,8.50,113,85,"1,269,209","16,842",Ansatsu Kyoushitsu 2nd Season,"['Crunchyroll', 'Netflix']"
22,Finished Airing,Kyoto Animation,"Mystery, Slice of Life",PG-13 - Teens 13 or older,8.09,457,86,"1,239,964","25,243",Hyouka,"['Crunchyroll', 'Funimation']"
12,Finished Airing,Kyoto Animation,"Comedy, Romance",PG-13 - Teens 13 or older,7.72,1059,87,"1,239,927","16,909",Chuunibyou demo Koi ga Shitai!,"['Crunchyroll', 'Funimation']"
1,Finished Airing,ufotable,"Action, Fantasy",R - 17+ (violence & profanity),8.65,63,88,"1,215,019","12,021",Kimetsu no Yaiba Movie: Mugen Ressha-hen,"['Crunchyroll', 'Netflix']"
24,Finished Airing,8bit,"Action, Adventure, Comedy, Fantasy",PG-13 - Teens 13 or older,8.13,401,89,"1,209,652","24,800",Tensei shitara Slime Datta Ken,"['Crunchyroll', 'Funimation']"
12,Finished Airing,Wit Studio,"Action, Drama, Supernatural",R - 17+ (violence & profanity),7.49,1704,90,"1,197,493","12,664",Owari no Seraph,"['Funimation', 'Netflix']"
13,Finished Airing,Kinema Citrus,"Adventure, Drama, Fantasy, Mystery, Sci-Fi",R - 17+ (violence & profanity),8.67,53,91,"1,181,195","38,817",Made in Abyss,"['HIDIVE', 'Netflix']"
12,Finished Airing,Bones,"Action, Comedy, Mystery, Supernatural",R - 17+ (violence & profanity),7.82,850,92,"1,180,536","22,785",Bungou Stray Dogs,"['Crunchyroll', 'Funimation']"
12,Finished Airing,Shaft,"Drama, Suspense",PG-13 - Teens 13 or older,8.36,189,93,"1,175,518","50,177",Mahou Shoujo Madoka★Magica,"['Crunchyroll', 'Funimation']"
1,Finished Airing,Studio Ghibli,"Adventure, Drama, Fantasy, Romance",G - All Ages,8.66,61,94,"1,161,440","24,378",Howl no Ugoku Shiro,['Netflix']
24,Finished Airing,Wit Studio,"Action, Adventure, Drama",R - 17+ (violence & profanity),8.73,44,95,"1,159,845","35,087",Vinland Saga,NA
24,Finished Airing,J.C.Staff,"Drama, Romance",PG-13 - Teens 13 or older,8.10,442,96,"1,151,343","25,794",Sakura-sou no Pet na Kanojo,"['HIDIVE', 'Netflix']"
12,Finished Airing,Manglobe,"Action, Horror, Sci-Fi, Supernatural",R - 17+ (violence & profanity),7.16,3216,97,"1,146,612","6,399",Deadman Wonderland,"['Crunchyroll', 'Funimation']"
26,Finished Airing,J.C.Staff,"Comedy, Romance",PG-13 - Teens 13 or older,8.01,557,98,"1,142,566","21,431",Kaichou wa Maid-sama!,"['Crunchyroll', 'HIDIVE']"
12,Finished Airing,A-1 Pictures,Genre: Comedy,PG-13 - Teens 13 or older,8.65,62,99,"1,137,330","18,493",Kaguya-sama wa Kokurasetai? Tensai-tachi no Renai Zunousen,['Crunchyroll']
22,Finished Airing,Production I.G,"Action, Drama, Sci-Fi",R - 17+ (violence & profanity),7.43,1916,100,"1,135,452","16,672",Guilty Crown,"['Funimation', 'Netflix']"
24,Finished Airing,David Production,"Action, Supernatural",PG-13 - Teens 13 or older,7.70,1119,101,"1,130,953","8,056",Enen no Shouboutai,"['Crunchyroll', 'Funimation']"
26,Finished Airing,Manglobe,"Action, Adventure, Comedy",R - 17+ (violence & profanity),8.50,117,102,"1,124,181","34,077",Samurai Champloo,"['Crunchyroll', 'Funimation']"
1,Finished Airing,Studio Ghibli,"Action, Adventure, Fantasy",PG-13 - Teens 13 or older,8.67,55,103,"1,121,702","19,312",Mononoke Hime,['Netflix']
291,Finished Airing,Toei Animation,"Action, Adventure, Comedy, Fantasy",PG-13 - Teens 13 or older,8.15,379,104,"1,116,510","33,827",Dragon Ball Z,['Funimation']
13,Finished Airing,Kyoto Animation,"Fantasy, Slice of Life",PG-13 - Teens 13 or older,7.99,579,105,"1,112,603","16,397",Kobayashi-san Chi no Maid Dragon,"['Crunchyroll', 'Funimation']"
24,Finished Airing,Kyoto Animation,"Drama, Romance, Supernatural",PG-13 - Teens 13 or older,8.94,16,106,"1,098,621","67,148",Clannad: After Story,['Shahid']
24,Finished Airing,A-1 Pictures,"Action, Comedy, Mystery, Supernatural",R - 17+ (violence & profanity),7.68,1164,107,"1,085,759","21,451",Kuroshitsuji,"['Funimation', 'Netflix']"
25,Finished Airing,Production I.G,Genre: Sports,PG-13 - Teens 13 or older,8.07,486,108,"1,085,647","19,996",Kuroko no Basket,"['Crunchyroll', 'Netflix']"
13,Finished Airing,CloverWorks,Genre: Romance,PG-13 - Teens 13 or older,8.21,320,109,"1,083,828","28,516",Horimiya,"['Crunchyroll', 'Funimation']"
20,Finished Airing,Shaft,"Comedy, Romance",PG-13 - Teens 13 or older,7.59,1382,110,"1,076,865","10,510",Nisekoi,"['Crunchyroll', 'Funimation']"
12,Finished Airing,Kyoto Animation,"Fantasy, Slice of Life, Supernatural",PG-13 - Teens 13 or older,7.74,1021,111,"1,071,728","11,439",Kyoukai no Kanata,['HIDIVE']
10,Finished Airing,Production I.G,Genre: Sports,PG-13 - Teens 13 or older,8.79,32,112,"1,064,444","14,713",Haikyuu!!: Karasuno Koukou vs. Shiratorizawa Gakuen Koukou,"['Crunchyroll', 'HIDIVE']"
24,Finished Airing,David Production,"Action, Adventure, Drama, Supernatural",R - 17+ (violence & profanity),8.10,436,113,"1,056,037","19,581",JoJo no Kimyou na Bouken Part 3: Stardust Crusaders,"['Crunchyroll', 'Netflix']"
11,Finished Airing,MAPPA,"Mystery, Suspense",R - 17+ (violence & profanity),8.10,447,114,"1,050,012","20,522",Zankyou no Terror,"['Crunchyroll', 'Funimation']"
24,Finished Airing,"Tezuka Productions, MAPPA","Action, Adventure, Supernatural",R - 17+ (violence & profanity),8.24,285,115,"1,046,831","17,622",Dororo,NA
13,Finished Airing,J.C.Staff,"Gourmet, Ecchi",PG-13 - Teens 13 or older,8.11,426,116,"1,042,381","3,027",Shokugeki no Souma: Ni no Sara,"['HIDIVE', 'Netflix']"
12,Finished Airing,"Pierrot, Pierrot Plus","Action, Fantasy, Horror",R - 17+ (violence & profanity),6.38,7149,117,"1,040,202","3,578",Tokyo Ghoul:re,"['Crunchyroll', 'Netflix']"
25,Finished Airing,Satelight,"Action, Adventure, Fantasy",PG-13 - Teens 13 or older,7.94,654,118,"1,034,875","9,989",Log Horizon,"['Crunchyroll', 'Funimation']"
26,Finished Airing,Bones,"Comedy, Romance",PG-13 - Teens 13 or older,8.16,370,119,"1,028,138","31,505",Ouran Koukou Host Club,"['Crunchyroll', 'Funimation']"
12,Finished Airing,ufotable,"Action, Fantasy, Supernatural",R - 17+ (violence & profanity),8.56,86,120,"1,023,794","19,608",Fate/Zero 2nd Season,"['Crunchyroll', 'Netflix']"
24,Finished Airing,A-1 Pictures,"Action, Adventure, Fantasy, Supernatural",PG-13 - Teens 13 or older,7.62,1293,121,"1,020,804","3,771",Nanatsu no Taizai: Imashime no Fukkatsu,NA
12,Finished Airing,"Wit Studio, CloverWorks","Action, Comedy",PG-13 - Teens 13 or older,8.78,35,122,"997,499","32,290",Spy x Family,"['Netflix', 'Animax Mongolia']"
24,Finished Airing,LIDENFILMS,"Action, Drama, Supernatural",R - 17+ (violence & profanity),8.09,452,123,"996,459","23,546",Tokyo Revengers,"['Crunchyroll', 'Netflix']"
12,Finished Airing,Lerche,Genre: Drama,PG-13 - Teens 13 or older,7.86,778,124,"996,694","15,133",Youkoso Jitsuryoku Shijou Shugi no Kyoushitsu e,"['Crunchyroll', 'Funimation']"
10,Finished Airing,Science SARU,"Action, Avant Garde, Horror, Supernatural",R+ - Mild Nudity,7.77,934,125,"994,656","21,216",Devilman: Crybaby,['Netflix']
11,Finished Airing,Studio Bind,"Drama, Fantasy, Ecchi",R - 17+ (violence & profanity),8.37,182,126,"993,912","24,287",Mushoku Tensei: Isekai Ittara Honki Dasu,"['Crunchyroll', 'Funimation']"
13,Finished Airing,Brain's Base,"Comedy, Romance",PG-13 - Teens 13 or older,7.49,1712,127,"979,949","5,771",Tonari no Kaibutsu-kun,"['Crunchyroll', 'Netflix']"
11,Finished Airing,ufotable,"Action, Fantasy",R - 17+ (violence & profanity),8.85,23,128,"976,480","21,189",Kimetsu no Yaiba: Yuukaku-hen,"['Crunchyroll', 'Funimation']"
12,Finished Airing,White Fox,"Action, Adventure, Fantasy",R - 17+ (violence & profanity),7.42,1974,129,"969,975","6,403",Goblin Slayer,"['Crunchyroll', 'Funimation']"
12,Finished Airing,ufotable,"Action, Fantasy, Supernatural",R - 17+ (violence & profanity),8.19,348,130,"967,766","15,418",Fate/stay night: Unlimited Blade Works,"['Crunchyroll', 'Funimation']"
39,Finished Airing,David Production,"Action, Adventure, Comedy, Drama, Supernatural",R - 17+ (violence & profanity),8.50,116,131,"967,241","35,623",JoJo no Kimyou na Bouken Part 4: Diamond wa Kudakenai,"['Crunchyroll', 'Netflix']"
13,Finished Airing,Kyoto Animation,Genre: Comedy,PG-13 - Teens 13 or older,7.85,795,132,"966,243","22,221",K-On!,"['Crunchyroll', 'HIDIVE']"
26,Finished Airing,Madhouse,"Action, Romance, Sci-Fi, Supernatural",PG-13 - Teens 13 or older,7.43,1921,133,"965,339","10,627",Mahouka Koukou no Rettousei,"['Crunchyroll', 'Funimation']"
24,Finished Airing,David Production,"Action, Adventure, Drama, Supernatural",R - 17+ (violence & profanity),8.44,141,134,"963,520","18,669",JoJo no Kimyou na Bouken Part 3: Stardust Crusaders 2nd Season,"['Crunchyroll', 'Netflix']"
201,Finished Airing,Sunrise,"Action, Comedy, Sci-Fi",PG-13 - Teens 13 or older,8.95,14,135,"963,158","55,541",Gintama,"['Crunchyroll', 'Netflix']"
13,Finished Airing,White Fox,"Drama, Fantasy, Suspense",R - 17+ (violence & profanity),8.36,190,136,"960,572","10,934",Re:Zero kara Hajimeru Isekai Seikatsu 2nd Season,['Crunchyroll']
25,Finished Airing,A-1 Pictures,"Action, Adventure, Fantasy",PG-13 - Teens 13 or older,8.02,539,137,"956,806","8,676",Magi: The Labyrinth of Magic,"['Crunchyroll', 'Funimation']"
13,Finished Airing,feel.,"Comedy, Romance",PG-13 - Teens 13 or older,8.22,312,138,"954,578","15,458",Yahari Ore no Seishun Love Comedy wa Machigatteiru. Zoku,"['HIDIVE', 'Shahid']"
120,Finished Airing,"J.C.Staff, Egg Firm","Comedy, Supernatural",PG-13 - Teens 13 or older,8.42,152,139,"951,573","25,627",Saiki Kusuo no Ψ-nan,"['Funimation', 'Netflix']"
25,Finished Airing,Bones,Genre: Action,PG-13 - Teens 13 or older,7.42,1965,140,"951,063","9,841",Boku no Hero Academia 5th Season,"['Crunchyroll', 'Funimation']"
1,Finished Airing,Studio Ghibli,"Adventure, Supernatural",G - All Ages,8.26,273,141,"946,811","7,358",Tonari no Totoro,['Netflix']
12,Finished Airing,AIC PLUS+,"Comedy, Romance, Sci-Fi",R - 17+ (violence & profanity),7.17,3133,142,"937,286","9,145",Date A Live,"['Crunchyroll', 'Funimation']"
12,Finished Airing,MAPPA,"Action, Drama",R - 17+ (violence & profanity),8.81,29,143,"935,044","27,017",Shingeki no Kyojin: The Final Season Part 2,"['Crunchyroll', 'Funimation']"
153,Finished Airing,Toei Animation,"Adventure, Comedy, Fantasy",PG-13 - Teens 13 or older,7.96,618,144,"930,950","13,801",Dragon Ball,"['Crunchyroll', 'Funimation']"
13,Finished Airing,TMS Entertainment,"Drama, Romance, Slice of Life",PG-13 - Teens 13 or older,7.98,588,145,"930,700","9,255",ReLIFE,['Crunchyroll']
24,Finished Airing,J.C.Staff,"Comedy, Drama, Romance",PG-13 - Teens 13 or older,7.75,984,146,"927,419","12,015",Golden Time,['HIDIVE']
24,Finished Airing,A-1 Pictures,"Action, Adventure, Fantasy",R - 17+ (violence & profanity),7.56,1493,147,"922,660","6,754",Sword Art Online: Alicization,['Crunchyroll']
12,Finished Airing,J.C.Staff,"Comedy, Romance, Ecchi",R+ - Mild Nudity,7.62,1298,148,"909,850","6,717",Prison School,"['Crunchyroll', 'Funimation']"
102,Finished Airing,"A-1 Pictures, Bridge","Action, Adventure, Fantasy",PG-13 - Teens 13 or older,7.66,1202,149,"902,255","11,509",Fairy Tail (2014),['Crunchyroll']
12,Finished Airing,Madhouse,Genre: Action,R - 17+ (violence & profanity),8.03,521,150,"897,615","16,353",Black Lagoon,"['Crunchyroll', 'Funimation']"
74,Finished Airing,Madhouse,"Drama, Mystery, Suspense",R+ - Mild Nudity,8.84,24,151,"888,883","40,629",Monster,NA
13,Finished Airing,Madhouse,"Action, Adventure, Fantasy, Supernatural",R - 17+ (violence & profanity),7.76,956,152,"887,472","4,065",Overlord II,"['Crunchyroll', 'Animax Mongolia']"
12,Finished Airing,J.C.Staff,"Gourmet, Ecchi",PG-13 - Teens 13 or older,8.03,515,153,"885,495","2,587",Shokugeki no Souma: San no Sara,"['Crunchyroll', 'Netflix']"
24,Finished Airing,Studio Deen,"Action, Fantasy, Romance, Supernatural",R - 17+ (violence & profanity),7.29,2552,154,"878,906","7,014",Fate/stay night,"['HIDIVE', 'Netflix']"
25,Finished Airing,Bones,"Action, Mystery, Sci-Fi",R - 17+ (violence & profanity),8.07,477,155,"876,953","16,033",Darker than Black: Kuro no Keiyakusha,NA
39,Finished Airing,David Production,"Action, Adventure",R - 17+ (violence & profanity),8.58,79,156,"871,925","28,295",JoJo no Kimyou na Bouken Part 5: Ougon no Kaze,"['Crunchyroll', 'Netflix']"
13,Finished Airing,Lerche,"Horror, Mystery",R - 17+ (violence & profanity),7.23,2839,157,"865,949","7,953",Danganronpa: Kibou no Gakuen to Zetsubou no Koukousei The Animation,"['Crunchyroll', 'Funimation']"
3,Finished Airing,CoMix Wave Films,"Drama, Romance, Slice of Life",PG-13 - Teens 13 or older,7.59,1371,158,"862,410","10,377",Byousoku 5 Centimeter,"['Crunchyroll', 'Netflix']"
14,Finished Airing,Kyoto Animation,"Comedy, Mystery, Sci-Fi, Slice of Life",PG-13 - Teens 13 or older,7.84,813,159,"857,920","14,646",Suzumiya Haruhi no Yuuutsu,"['Funimation', 'Netflix']"
13,Finished Airing,"Kinema Citrus, Orange","Action, Mystery, Sci-Fi",R - 17+ (violence & profanity),7.11,3432,160,"856,668","3,642",Black Bullet,"['Crunchyroll', 'Netflix']"
12,Finished Airing,Doga Kobo,"Comedy, Romance",PG-13 - Teens 13 or older,7.85,787,161,"855,092","10,453",Gekkan Shoujo Nozaki-kun,"['Crunchyroll', 'HIDIVE']"
11,Finished Airing,TMS Entertainment,"Adventure, Comedy, Sci-Fi",PG-13 - Teens 13 or older,8.18,356,162,"854,554","6,753",Dr. Stone: Stone Wars,"['Crunchyroll', 'Funimation']"
13,Finished Airing,Doga Kobo,"Drama, Romance, Sci-Fi",PG-13 - Teens 13 or older,7.92,666,163,"852,352","10,977",Plastic Memories,"['Crunchyroll', 'Funimation']"
12,Finished Airing,"SILVER LINK., Nexus","Action, Fantasy, Romance, Ecchi",R - 17+ (violence & profanity),7.46,1800,164,"848,943","8,191",Rakudai Kishi no Cavalry,"['Crunchyroll', 'HIDIVE']"
11,Finished Airing,A-1 Pictures,Genre: Romance,PG-13 - Teens 13 or older,7.95,634,165,"846,447","10,246",Wotaku ni Koi wa Muzukashii,NA
13,Finished Airing,Brain's Base,"Action, Comedy, Mystery, Supernatural",R - 17+ (violence & profanity),8.38,175,166,"843,787","22,497",Baccano!,NA
12,Finished Airing,TNK,"Action, Comedy, Romance, Ecchi",R+ - Mild Nudity,7.49,1727,167,"841,283","4,405",High School DxD New,['Netflix']
10,Finished Airing,"Madhouse, Satelight, Graphinica","Action, Horror, Supernatural",R - 17+ (violence & profanity),8.36,186,168,"837,442","19,790",Hellsing Ultimate,"['Crunchyroll', 'Funimation']"
12,Finished Airing,TMS Entertainment,"Comedy, Romance",PG-13 - Teens 13 or older,7.17,3150,169,"835,665","7,879","Kanojo, Okarishimasu",['Crunchyroll']
1,Finished Airing,CoMix Wave Films,"Drama, Fantasy, Romance, Slice of Life",PG-13 - Teens 13 or older,8.31,227,170,"832,942","10,870",Tenki no Ko,['Netflix']
12,Finished Airing,Production I.G,"Drama, Romance, Slice of Life",PG-13 - Teens 13 or older,7.65,1211,171,"827,760","9,423",Ao Haru Ride,['Crunchyroll']
25,Finished Airing,Production I.G,"Drama, Romance, Slice of Life",PG-13 - Teens 13 or older,8.00,570,172,"825,278","11,790",Kimi ni Todoke,"['Crunchyroll', 'Funimation']"
11,Finished Airing,CloverWorks,"Sci-Fi, Suspense",R - 17+ (violence & profanity),5.34,11608,173,"823,831","4,474",Yakusoku no Neverland 2nd Season,"['Crunchyroll', 'Funimation']"
1,Finished Airing,"Gainax, Production I.G","Avant Garde, Drama, Sci-Fi",R+ - Mild Nudity,8.55,89,174,"814,092","25,177",Neon Genesis Evangelion: The End of Evangelion,['Netflix']
12,Finished Airing,Tezuka Productions,"Comedy, Romance",PG-13 - Teens 13 or older,7.68,1150,175,"807,107","12,446",5-toubun no Hanayome,"['Crunchyroll', 'Funimation']"
26,Finished Airing,Kyoto Animation,Genre: Comedy,PG-13 - Teens 13 or older,8.46,133,176,"804,866","21,337",Nichijou,"['Crunchyroll', 'Funimation']"
12,Finished Airing,Nut,Genre: Action,R - 17+ (violence & profanity),7.97,609,177,"804,334","10,930",Youjo Senki,"['Crunchyroll', 'Netflix']"
12,Finished Airing,MAPPA,Genre: Sports,PG-13 - Teens 13 or older,7.91,700,178,"803,686","19,521",Yuri!!! on Ice,"['Crunchyroll', 'Funimation']"
24,Finished Airing,Wit Studio,"Fantasy, Slice of Life",PG-13 - Teens 13 or older,8.07,472,179,"801,642","10,312",Mahoutsukai no Yome,['Crunchyroll']
1,Finished Airing,Studio VOLN,"Drama, Romance, Slice of Life",PG-13 - Teens 13 or older,8.56,88,180,"801,451","17,870",Kimi no Suizou wo Tabetai,['Netflix']
13,Finished Airing,Production I.G,Genre: Sports,PG-13 - Teens 13 or older,8.36,185,181,"800,806","4,832",Haikyuu!! To the Top,['Crunchyroll']
12,Finished Airing,Madhouse,"Action, Sci-Fi",R - 17+ (violence & profanity),7.31,2435,182,"800,221","3,288",Btooom!,"['HIDIVE', 'Netflix']"
13,Finished Airing,Telecom Animation Film,"Action, Adventure, Drama, Fantasy, Mystery",PG-13 - Teens 13 or older,7.56,1476,183,"797,407","5,817",Kami no Tou,"['Crunchyroll', 'Netflix']"
12,Finished Airing,Bones,"Action, Comedy, Fantasy, Supernatural",R - 17+ (violence & profanity),7.61,1333,184,"790,860","7,160",Kekkai Sensen,"['Crunchyroll', 'Funimation']"
1,Finished Airing,Madhouse,"Drama, Fantasy, Romance",PG-13 - Teens 13 or older,8.21,314,185,"786,032","7,302",No Game No Life: Zero,"['HIDIVE', 'Netflix']"
13,Finished Airing,MAPPA,"Action, Fantasy, Sci-Fi, Supernatural",PG-13 - Teens 13 or older,7.07,3646,186,"785,802","3,853",The God of High School,"['Crunchyroll', 'Netflix']"
13,Finished Airing,ufotable,"Action, Fantasy, Supernatural",R - 17+ (violence & profanity),8.32,214,187,"780,598","8,776",Fate/stay night: Unlimited Blade Works 2nd Season,NA
23,Finished Airing,White Fox,"Drama, Sci-Fi, Suspense",PG-13 - Teens 13 or older,8.52,109,188,"779,741","10,830",Steins;Gate 0,"['Crunchyroll', 'Netflix']"
25,Finished Airing,A-1 Pictures,"Action, Adventure, Fantasy",PG-13 - Teens 13 or older,8.23,294,189,"778,842","7,440",Magi: The Kingdom of Magic,"['Crunchyroll', 'Funimation']"
13,Finished Airing,Madhouse,"Action, Fantasy, Supernatural",R - 17+ (violence & profanity),7.93,660,190,"776,819","5,058",Overlord III,"['Crunchyroll', 'Animax Mongolia']"
13,Finished Airing,SILVER LINK.,"Drama, Romance, Supernatural",PG-13 - Teens 13 or older,7.76,970,191,"776,520","7,706",Kokoro Connect,"['Crunchyroll', 'HIDIVE']"
1,Finished Airing,CoMix Wave Films,"Drama, Romance, Slice of Life",PG-13 - Teens 13 or older,7.91,689,192,"775,169","6,518",Kotonoha no Niwa,"['HIDIVE', 'Netflix']"
25,Finished Airing,Production I.G,Genre: Sports,PG-13 - Teens 13 or older,8.23,301,193,"772,049","4,232",Kuroko no Basket 2nd Season,['Crunchyroll']
Unknown,Currently Airing,Pierrot,"Action, Adventure, Fantasy",PG-13 - Teens 13 or older,5.79,10003,194,"770,205","6,666",Boruto: Naruto Next Generations,"['Crunchyroll', 'Netflix']"
12,Finished Airing,8bit,"Action, Adventure, Comedy, Fantasy",PG-13 - Teens 13 or older,8.40,167,195,"768,769","9,814",Tensei shitara Slime Datta Ken 2nd Season,"['Crunchyroll', 'Funimation']"
12,Finished Airing,Seven Arcs Pictures,"Action, Comedy, Fantasy, Romance, Supernatural, Ecchi",PG-13 - Teens 13 or older,7.08,3569,196,"767,283","3,685",Trinity Seven,"['Crunchyroll', 'HIDIVE']"
24,Finished Airing,Pierrot,"Action, Adventure, Comedy, Fantasy, Romance",PG-13 - Teens 13 or older,8.03,519,197,"766,210","14,672",Akatsuki no Yona,"['Crunchyroll', 'Funimation']"
12,Finished Airing,SILVER LINK.,"Comedy, Romance",PG-13 - Teens 13 or older,6.74,5136,198,"761,801","2,952",Masamune-kun no Revenge,['Crunchyroll']
13,Finished Airing,J.C.Staff,"Action, Adventure, Comedy, Fantasy, Romance, Ecchi",PG-13 - Teens 13 or older,7.25,2738,199,"761,305","7,648",Zero no Tsukaima,"['Crunchyroll', 'Netflix']"
12,Finished Airing,"Pierrot, Pierrot Plus","Action, Fantasy, Horror",R - 17+ (violence & profanity),6.41,6973,200,"756,893","2,535",Tokyo Ghoul:re 2nd Season,"['Crunchyroll', 'Shahid']"
12,Finished Airing,AIC Build,"Comedy, Romance, Ecchi",R+ - Mild Nudity,7.18,3110,201,"755,422","3,674",Boku wa Tomodachi ga Sukunai,"['Crunchyroll', 'Funimation']"
26,Finished Airing,Artland,"Adventure, Fantasy, Mystery, Slice of Life, Supernatural",PG-13 - Teens 13 or older,8.67,56,202,"754,589","24,950",Mushishi,"['Funimation', 'Tubi TV']"
24,Finished Airing,J.C.Staff,"Action, Sci-Fi",R - 17+ (violence & profanity),7.37,2176,203,"753,603","5,324",Toaru Majutsu no Index,"['Crunchyroll', 'Funimation']"
13,Finished Airing,Imagin,"Adventure, Fantasy, Romance",PG-13 - Teens 13 or older,8.23,297,204,"753,579","17,157",Ookami to Koushinryou,"['Funimation', 'Netflix']"
12,Finished Airing,Orange,"Drama, Slice of Life",R - 17+ (violence & profanity),7.87,748,205,"752,547","9,099",Beastars,['Netflix']
12,Finished Airing,CloverWorks,"Romance, Slice of Life",PG-13 - Teens 13 or older,8.32,223,206,"751,475","16,396",Sono Bisque Doll wa Koi wo Suru,"['Crunchyroll', 'Funimation']"
12,Finished Airing,Sunrise,Genre: Comedy,PG-13 - Teens 13 or older,8.24,283,207,"749,577","13,272",Danshi Koukousei no Nichijou,"['Crunchyroll', 'Funimation']"
26,Finished Airing,Studio Deen,"Horror, Mystery, Supernatural, Suspense",R - 17+ (violence & profanity),7.90,720,208,"748,643","20,106",Higurashi no Naku Koro ni,"['HIDIVE', 'Netflix']"
1,Finished Airing,Studio Chizu,"Fantasy, Slice of Life",G - All Ages,8.59,77,209,"748,588","10,718",Ookami Kodomo no Ame to Yuki,NA
1,Finished Airing,Brain's Base,"Drama, Romance, Supernatural",G - All Ages,8.30,236,210,"747,829","9,670",Hotarubi no Mori e,NA
1,Finished Airing,Tokyo Movie Shinsha,"Action, Adventure, Horror, Sci-Fi, Supernatural",R+ - Mild Nudity,8.16,364,211,"747,297","11,873",Akira,"['Funimation', 'Netflix']"
6,Finished Airing,"Gainax, Production I.G","Action, Avant Garde, Comedy, Sci-Fi",PG-13 - Teens 13 or older,8.02,536,212,"744,491","27,252",FLCL,['Funimation']
12,Finished Airing,"Kyoto Animation, Animation Do",Genre: Sports,PG-13 - Teens 13 or older,7.34,2292,213,"743,650","9,285",Free!,"['Crunchyroll', 'Funimation']"
13,Finished Airing,Telecom Animation Film,"Drama, Romance, Sci-Fi",PG-13 - Teens 13 or older,7.62,1295,214,"743,037","6,388",Orange,['Crunchyroll']
43,Finished Airing,Pierrot,"Comedy, Drama",R - 17+ (violence & profanity),8.69,51,215,"742,363","23,823",Great Teacher Onizuka,"['Crunchyroll', 'Netflix']"
12,Finished Airing,Wit Studio,"Action, Drama, Fantasy, Horror, Supernatural",R - 17+ (violence & profanity),7.26,2683,216,"740,827","3,267",Koutetsujou no Kabaneri,"['Crunchyroll', 'Netflix']"
24,Finished Airing,MAPPA,"Action, Adventure, Drama",R - 17+ (violence & profanity),8.50,114,217,"739,898","27,158",Banana Fish,NA
1,Finished Airing,Madhouse,"Drama, Romance, Sci-Fi",G - All Ages,8.13,402,218,"735,216","5,584",Toki wo Kakeru Shoujo,NA
131,Finished Airing,Toei Animation,"Action, Adventure, Comedy, Fantasy",PG-13 - Teens 13 or older,7.42,1970,219,"734,865","9,215",Dragon Ball Super,"['Crunchyroll', 'Funimation']"
12,Finished Airing,TNK,"Action, Comedy, Romance, Ecchi",R+ - Mild Nudity,7.43,1917,220,"734,328","3,794",High School DxD BorN,['Netflix']
12,Finished Airing,White Fox,"Drama, Fantasy, Suspense",R - 17+ (violence & profanity),8.47,127,221,"730,911","11,329",Re:Zero kara Hajimeru Isekai Seikatsu 2nd Season Part 2,"['Crunchyroll', 'Animax Asia']"
12,Finished Airing,A-1 Pictures,"Action, Adventure, Fantasy",R - 17+ (violence & profanity),7.70,1120,222,"729,417","5,777","Gate: Jieitai Kanochi nite, Kaku Tatakaeri","['HIDIVE', 'Netflix']"
25,Finished Airing,A-1 Pictures,"Drama, Horror, Mystery, Sci-Fi, Supernatural",R - 17+ (violence & profanity),8.30,239,223,"727,010","21,333",Shinsekai yori,"['Crunchyroll', 'HIDIVE']"
12,Finished Airing,Bones,"Action, Mystery, Supernatural",R - 17+ (violence & profanity),8.20,324,224,"726,858","6,279",Bungou Stray Dogs 2nd Season,"['Crunchyroll', 'Netflix']"
12,Finished Airing,J.C.Staff,"Comedy, Ecchi",R+ - Mild Nudity,7.25,2728,225,"726,705","3,611",Shimoneta to Iu Gainen ga Sonzai Shinai Taikutsu na Sekai,"['Funimation', 'Netflix']"
167,Finished Airing,Sunrise,"Action, Adventure, Comedy, Fantasy, Romance, Supernatural",PG-13 - Teens 13 or older,7.85,793,226,"726,205","16,977",InuYasha,"['Crunchyroll', 'Funimation']"
12,Finished Airing,LIDENFILMS,"Comedy, Mystery, Romance, Supernatural",PG-13 - Teens 13 or older,7.57,1457,227,"713,967","3,869",Yamada-kun to 7-nin no Majo,['Crunchyroll']
13,Finished Airing,GoHands,"Action, Mystery, Supernatural",PG-13 - Teens 13 or older,7.45,1840,228,"712,215","6,500",K,"['Crunchyroll', 'Netflix']"
12,Finished Airing,J.C.Staff,"Action, Adventure, Comedy, Fantasy, Romance",PG-13 - Teens 13 or older,7.23,2847,229,"711,875","1,932",Dungeon ni Deai wo Motomeru no wa Machigatteiru Darou ka II,"['Crunchyroll', 'HIDIVE']"
12,Finished Airing,Wit Studio,"Action, Drama, Supernatural",R - 17+ (violence & profanity),7.62,1296,230,"711,376","2,794",Owari no Seraph: Nagoya Kessen-hen,NA
20,Finished Airing,Brain's Base,"Adventure, Drama, Supernatural",R - 17+ (violence & profanity),8.38,177,231,"709,165","12,122",Fumetsu no Anata e,"['Crunchyroll', 'Netflix']"
12,Finished Airing,Studio Deen,Genre: Comedy,PG-13 - Teens 13 or older,7.56,1489,232,"699,224","2,423",Sakamoto Desu ga?,"['HIDIVE', 'Shahid']"
25,Finished Airing,TMS Entertainment,"Drama, Fantasy, Romance",PG-13 - Teens 13 or older,8.22,304,233,"696,610","13,517",Fruits Basket 1st Season,"['Crunchyroll', 'Funimation']"
12,Finished Airing,OLM,Genre: Comedy,PG-13 - Teens 13 or older,8.00,571,234,"694,029","11,083","Komi-san wa, Comyushou desu.",['Netflix']
12,Finished Airing,A-1 Pictures,"Action, Fantasy",PG-13 - Teens 13 or older,7.36,2204,235,"689,760","1,511",Ao no Exorcist: Kyoto Fujouou-hen,['Crunchyroll']
12,Finished Airing,MAPPA,"Drama, Mystery",R - 17+ (violence & profanity),7.20,2995,236,"687,578","1,885",Kakegurui××,NA
11,Finished Airing,Shaft,"Comedy, Mystery, Supernatural, Ecchi",R - 17+ (violence & profanity),8.15,374,237,"686,286","3,795",Nisemonogatari,"['Crunchyroll', 'Funimation']"
12,Finished Airing,Lerche,"Comedy, Fantasy, Romance, Ecchi",R+ - Mild Nudity,6.99,3985,238,"684,929","3,733",Monster Musume no Iru Nichijou,['HIDIVE']
25,Finished Airing,Production I.G,Genre: Sports,PG-13 - Teens 13 or older,8.31,231,239,"682,981","4,861",Kuroko no Basket 3rd Season,"['Crunchyroll', 'Netflix']"
12,Finished Airing,Production I.G,Genre: Sports,PG-13 - Teens 13 or older,8.54,93,240,"681,283","5,670",Haikyuu!! To the Top Part 2,['Crunchyroll']
12,Finished Airing,Kyoto Animation,"Comedy, Romance",PG-13 - Teens 13 or older,7.55,1523,241,"679,586","2,431",Chuunibyou demo Koi ga Shitai! Ren,['HIDIVE']
12,Finished Airing,Trigger,"Drama, Romance, Sci-Fi",PG-13 - Teens 13 or older,7.39,2074,242,"677,389","4,708",Kiznaiver,['Crunchyroll']
24,Finished Airing,Sunrise,"Action, Romance, Sci-Fi",PG-13 - Teens 13 or older,7.24,2765,243,"675,731","3,824",Accel World,"['Crunchyroll', 'Funimation']"
26,Finished Airing,Madhouse,"Action, Adventure, Comedy, Drama, Sci-Fi",PG-13 - Teens 13 or older,8.22,310,244,"674,863","13,633",Trigun,"['Crunchyroll', 'Funimation']"
12,Finished Airing,Telecom Animation Film,Genre: Comedy,PG-13 - Teens 13 or older,7.36,2217,245,"667,745","8,294","Ijiranaide, Nagatoro-san","['Crunchyroll', 'Anime Digital Network']"
24,Finished Airing,Gonzo,"Comedy, Drama, Romance",R+ - Mild Nudity,8.32,220,246,"665,988","24,006",NHK ni Youkoso!,['Funimation']
12,Finished Airing,Zero-G,Genre: Comedy,PG-13 - Teens 13 or older,8.43,149,247,"664,536","16,869",Grand Blue,NA
12,Finished Airing,A-1 Pictures,"Action, Adventure, Drama, Fantasy",PG-13 - Teens 13 or older,7.65,1218,248,"663,542","5,649",Hai to Gensou no Grimgar,"['Crunchyroll', 'Netflix']"
1,Finished Airing,Bones,Genre: Action,PG-13 - Teens 13 or older,7.58,1420,249,"661,993","1,329",Boku no Hero Academia the Movie 1: Futari no Hero,"['Crunchyroll', 'Netflix']"
1,Finished Airing,A-1 Pictures,"Action, Adventure, Fantasy",R+ - Mild Nudity,7.57,1452,250,"661,050","3,387",Sword Art Online Movie: Ordinal Scale,"['Crunchyroll', 'Netflix']"
1,Finished Airing,J.C.Staff,"Adventure, Comedy, Fantasy",PG-13 - Teens 13 or older,8.46,129,251,"660,895","4,414",Kono Subarashii Sekai ni Shukufuku wo! Movie: Kurenai Densetsu,['Crunchyroll']
12,Finished Airing,A-1 Pictures,"Comedy, Drama, Romance, Ecchi",PG-13 - Teens 13 or older,6.38,7095,252,"660,714","2,673",Eromanga-sensei,"['Crunchyroll', 'Funimation']"
13,Finished Airing,Gonzo,"Action, Horror, Supernatural",R - 17+ (violence & profanity),7.49,1725,253,"659,931","5,596",Hellsing,"['Crunchyroll', 'Funimation']"
13,Finished Airing,Triangle Staff,"Avant Garde, Drama, Mystery, Sci-Fi, Supernatural",R - 17+ (violence & profanity),8.07,473,254,"659,302","22,999",Serial Experiments Lain,"['Crunchyroll', 'Funimation']"
4,Finished Airing,A-1 Pictures,"Action, Adventure, Fantasy",PG-13 - Teens 13 or older,7.00,3963,255,"654,733",767,Nanatsu no Taizai: Seisen no Shirushi,NA
12,Finished Airing,A-1 Pictures,"Action, Adventure, Fantasy",R - 17+ (violence & profanity),7.58,1402,256,"654,669","3,374",Sword Art Online: Alicization - War of Underworld,['Crunchyroll']
12,Finished Airing,Studio Gokumi,"Comedy, Romance",PG-13 - Teens 13 or older,7.58,1406,257,"654,197","2,552",Tsurezure Children,"['Crunchyroll', 'Funimation']"
12,Finished Airing,Diomedéa,"Drama, Romance",R+ - Mild Nudity,6.69,5373,258,"651,274","5,299",Domestic na Kanojo,"['Crunchyroll', 'HIDIVE']"
12,Finished Airing,CloverWorks,"Drama, Fantasy",R - 17+ (violence & profanity),7.69,1138,259,"651,006","8,433",Wonder Egg Priority,"['Crunchyroll', 'Funimation']"
12,Finished Airing,J.C.Staff,"Gourmet, Ecchi",PG-13 - Teens 13 or older,7.98,591,260,"650,393","1,387",Shokugeki no Souma: San no Sara - Tootsuki Ressha-hen,"['Crunchyroll', 'Netflix']"
103,Finished Airing,TMS Entertainment,"Action, Adventure, Comedy",PG-13 - Teens 13 or older,8.02,534,261,"649,775","13,285",D.Gray-man,"['Crunchyroll', 'Funimation']"
12,Finished Airing,AIC Build,Genre: Comedy,PG-13 - Teens 13 or older,6.99,3990,262,"647,602","4,374",Ore no Imouto ga Konnani Kawaii Wake ga Nai,"['Crunchyroll', 'Funimation']"
24,Finished Airing,Studio Deen,"Action, Adventure, Fantasy, Supernatural",PG-13 - Teens 13 or older,6.45,6729,263,"644,118","1,340",Nanatsu no Taizai: Kamigami no Gekirin,NA
12,Finished Airing,LIDENFILMS,"Action, Fantasy",R - 17+ (violence & profanity),7.15,3263,264,"643,224","3,054",Rokudenashi Majutsu Koushi to Akashic Records,"['Crunchyroll', 'Funimation']"
12,Finished Airing,Studio Bind,"Drama, Fantasy, Ecchi",R - 17+ (violence & profanity),8.73,42,265,"642,222","15,152",Mushoku Tensei: Isekai Ittara Honki Dasu Part 2,['Crunchyroll']
10,Finished Airing,Brain's Base,"Action, Comedy, Supernatural",PG-13 - Teens 13 or older,7.27,2646,266,"641,965","1,975",Blood Lad,['Crunchyroll']
12,Finished Airing,Shuka,"Action, Drama",R - 17+ (violence & profanity),7.83,828,267,"639,466","7,208",91 Days,['Crunchyroll']
12,Finished Airing,Shaft,"Comedy, Romance",PG-13 - Teens 13 or older,7.36,2185,268,"639,173","1,772",Nisekoi:,['Crunchyroll']
13,Finished Airing,A-1 Pictures,"Comedy, Suspense",PG-13 - Teens 13 or older,9.13,2,269,"638,374","23,104",Kaguya-sama wa Kokurasetai: Ultra Romantic,"['Crunchyroll', 'Funimation']"
13,Finished Airing,Gonzo,"Comedy, Fantasy, Romance, Ecchi",R+ - Mild Nudity,6.76,5048,270,"638,268","3,289",Rosario to Vampire,"['Crunchyroll', 'Funimation']"
13,Finished Airing,SILVER LINK.,"Action, Fantasy",R - 17+ (violence & profanity),7.38,2095,271,"636,280","5,156","Maou Gakuin no Futekigousha: Shijou Saikyou no Maou no Shiso, Tensei shite Shison-tachi no Gakkou e Kayou","['Crunchyroll', 'Netflix']"
12,Finished Airing,Doga Kobo,Genre: Comedy,PG-13 - Teens 13 or older,7.12,3412,272,"635,362","4,287",Himouto! Umaru-chan,['HIDIVE']
12,Finished Airing,Ajia-Do,"Comedy, Fantasy, Ecchi",PG-13 - Teens 13 or older,6.88,4463,273,"634,662","2,388",Isekai Maou to Shoukan Shoujo no Dorei Majutsu,"['Crunchyroll', 'Funimation']"
24,Finished Airing,David Production,"Action, Supernatural",PG-13 - Teens 13 or older,7.79,898,274,"634,389","2,501",Enen no Shouboutai: Ni no Shou,['Crunchyroll']
26,Finished Airing,Kyoto Animation,Genre: Comedy,PG-13 - Teens 13 or older,8.17,363,275,"634,230","13,792",K-On!!,['HIDIVE']
26,Finished Airing,Madhouse,"Action, Adventure, Fantasy, Supernatural",R+ - Mild Nudity,7.75,976,276,"624,344","7,943",Claymore,"['Crunchyroll', 'Funimation']"
12,Finished Airing,feel.,"Comedy, Romance",PG-13 - Teens 13 or older,8.38,180,277,"624,125","12,849",Yahari Ore no Seishun Love Comedy wa Machigatteiru. Kan,['Crunchyroll']
26,Finished Airing,Shaft,"Comedy, Mystery, Romance, Supernatural",R - 17+ (violence & profanity),8.77,36,278,"620,890","22,580",Monogatari Series: Second Season,"['Crunchyroll', 'Funimation']"
22,Finished Airing,Shaft,"Drama, Slice of Life",PG-13 - Teens 13 or older,8.39,170,279,"618,628","14,474",3-gatsu no Lion,"['Crunchyroll', 'Funimation']"
12,Finished Airing,Lerche,"Drama, Romance",R+ - Mild Nudity,7.17,3152,280,"618,348","6,009",Kuzu no Honkai,"['HIDIVE', 'Netflix']"
12,Finished Airing,TNK,"Drama, Romance",R+ - Mild Nudity,5.54,10941,281,"617,914","3,018",School Days,['Crunchyroll']
12,Finished Airing,Production IMS,"Action, Fantasy, Romance, Ecchi",R+ - Mild Nudity,6.72,5255,282,"614,040","1,891",Shinmai Maou no Testament,"['Crunchyroll', 'Netflix']"
112,Finished Airing,Pierrot,"Action, Comedy, Supernatural",PG-13 - Teens 13 or older,8.45,138,283,"613,897","20,394",Yuu☆Yuu☆Hakusho,"['Crunchyroll', 'Funimation']"
12,Finished Airing,Seven Arcs,"Comedy, Romance",PG-13 - Teens 13 or older,7.91,695,284,"609,536","9,054",Tonikaku Kawaii,['Crunchyroll']
12,Finished Airing,Kinema Citrus,Genre: Slice of Life,PG-13 - Teens 13 or older,8.39,171,285,"608,776","12,147",Barakamon,['Funimation']
24,Finished Airing,Madhouse,"Comedy, Romance",PG-13 - Teens 13 or older,7.91,692,286,"608,557","4,643",Ore Monogatari!!,"['Crunchyroll', 'HIDIVE']"
24,Finished Airing,Kyoto Animation,Genre: Comedy,PG-13 - Teens 13 or older,7.74,998,287,"608,101","11,309",Lucky☆Star,['Funimation']
1,Finished Airing,CloverWorks,"Drama, Romance, Supernatural",PG-13 - Teens 13 or older,8.61,74,288,"606,291","9,373",Seishun Buta Yarou wa Yumemiru Shoujo no Yume wo Minai,"['Netflix', 'Shahid']"
12,Finished Airing,A-1 Pictures,"Action, Comedy, Fantasy, Romance, Sci-Fi, Supernatural, Ecchi",PG-13 - Teens 13 or older,6.83,4696,289,"606,117","2,135",Gakusen Toshi Asterisk,"['Crunchyroll', 'Funimation']"
11,Finished Airing,Tatsunoko Production,"Action, Sci-Fi, Suspense",R - 17+ (violence & profanity),7.40,2030,290,"605,516","1,394",Psycho-Pass 2,['Crunchyroll']
12,Finished Airing,Bones,"Drama, Fantasy, Romance",PG-13 - Teens 13 or older,7.76,963,291,"605,062","6,802",Akagami no Shirayuki-hime,"['Crunchyroll', 'Funimation']"
12,Finished Airing,SILVER LINK.,Genre: Comedy,PG-13 - Teens 13 or older,7.00,3980,292,"604,348","5,085",Watashi ga Motenai no wa Dou Kangaetemo Omaera ga Warui!,['HIDIVE']
12,Finished Airing,A-1 Pictures,Genre: Comedy,PG-13 - Teens 13 or older,7.29,2544,293,"603,912","2,892",Blend S,"['Crunchyroll', 'Funimation']"
13,Finished Airing,Kyoto Animation,"Comedy, Drama, Fantasy",PG-13 - Teens 13 or older,7.47,1763,294,"603,140","2,494",Amagi Brilliant Park,['HIDIVE']
13,Finished Airing,Zexcs,"Drama, Romance",PG-13 - Teens 13 or older,7.43,1931,295,"603,061","4,586",Sukitte Ii na yo.,['HIDIVE']
13,Finished Airing,"Kinema Citrus, DR Movie","Action, Adventure, Drama, Fantasy",PG-13 - Teens 13 or older,6.56,6071,296,"602,747","12,248",Tate no Yuusha no Nariagari Season 2,"['Crunchyroll', 'Funimation']"
13,Finished Airing,SILVER LINK.,"Comedy, Romance",PG-13 - Teens 13 or older,7.54,1542,297,"600,141","5,496",Baka to Test to Shoukanjuu,"['Crunchyroll', 'Funimation']"
12,Finished Airing,A-1 Pictures,"Comedy, Romance, Ecchi",PG-13 - Teens 13 or older,7.49,1707,298,"596,892","4,069",Saenai Heroine no Sodatekata,"['Crunchyroll', 'Funimation']"
24,Finished Airing,"SILVER LINK., Connect","Action, Fantasy, Supernatural, Ecchi",R+ - Mild Nudity,7.06,3694,299,"596,458","2,198",Strike the Blood,"['Crunchyroll', 'Netflix']"
12,Finished Airing,8bit,"Action, Comedy, Sci-Fi, Ecchi",PG-13 - Teens 13 or older,6.65,5628,300,"595,707","2,215",IS: Infinite Stratos,['HIDIVE']
