Episodes,Status,Ratings,Scores,Rank,Popularity,Members,Favorites,titles,SP,Genre,Studio
25,Finished Airing,R - 17+ (violence & profanity),8.53,100,1,3510395,155195,Shingeki no Kyojin,"['crunchyroll', 'funimation']","['action', 'drama']",['witstudio']
37,Finished Airing,R - 17+ (violence & profanity),8.62,73,2,3491046,159080,Death Note,"['crunchyroll', 'funimation']","['supernatural', 'suspense']",['madhouse']
64,Finished Airing,R - 17+ (violence & profanity),9.13,1,3,2966462,206903,Fullmetal Alchemist: Brotherhood,"['crunchyroll', 'funimation']","['action', 'adventure', 'drama', 'fantasy']",['bones']
12,Finished Airing,R - 17+ (violence & profanity),8.51,110,4,2868306,59353,One Punch Man,"['crunchyroll', 'funimation']","['action', 'comedy']",['madhouse']
25,Finished Airing,PG-13 - Teens 13 or older,7.2,3018,5,2805024,64861,Sword Art Online,"['crunchyroll', 'funimation']","['action', 'adventure', 'fantasy', 'romance']",['a-1pictures']
13,Finished Airing,PG-13 - Teens 13 or older,7.92,670,6,2698039,52063,Boku no Hero Academia,"['crunchyroll', 'funimation']",['genre:action'],['bones']
12,Finished Airing,R - 17+ (violence & profanity),7.79,912,7,2547096,47252,Tokyo Ghoul,"['crunchyroll', 'funimation']","['action', 'fantasy', 'horror']",['pierrot']
220,Finished Airing,PG-13 - Teens 13 or older,7.97,605,8,2546671,71501,Naruto,"['crunchyroll', 'funimation']","['action', 'adventure', 'fantasy']",['pierrot']
26,Finished Airing,R - 17+ (violence & profanity),8.54,96,9,2534543,82761,Kimetsu no Yaiba,"['crunchyroll', 'funimation']","['action', 'fantasy']",['ufotable']
148,Finished Airing,PG-13 - Teens 13 or older,9.04,9,10,2451264,187689,Hunter x Hunter (2011),"['crunchyroll', 'netflix']","['action', 'adventure', 'fantasy']",['madhouse']
1,Finished Airing,PG-13 - Teens 13 or older,8.86,22,11,2419574,83196,Kimi no Na wa.,['netflix'],"['drama', 'supernatural']",['comixwavefilms']
12,Finished Airing,R - 17+ (violence & profanity),8.5,118,12,2384824,20076,Shingeki no Kyojin Season 2,"['crunchyroll', 'netflix']","['action', 'drama']",['witstudio']
24,Finished Airing,PG-13 - Teens 13 or older,9.08,4,13,2291234,174629,Steins;Gate,"['crunchyroll', 'funimation']","['drama', 'sci-fi', 'suspense']",['whitefox']
25,Finished Airing,PG-13 - Teens 13 or older,8.14,387,14,2260075,17138,Boku no Hero Academia 2nd Season,"['crunchyroll', 'netflix']",['genre:action'],['bones']
12,Finished Airing,PG-13 - Teens 13 or older,8.1,440,15,2194196,46605,No Game No Life,"['hidive', 'netflix']","['comedy', 'fantasy', 'ecchi']",['madhouse']
500,Finished Airing,PG-13 - Teens 13 or older,8.24,288,16,2177917,100263,Naruto: Shippuuden,"['crunchyroll', 'netflix']","['action', 'adventure', 'fantasy']",['pierrot']
25,Finished Airing,R - 17+ (violence & profanity),8.7,49,17,2033724,101043,Code Geass: Hangyaku no Lelouch,"['crunchyroll', 'funimation']","['action', 'drama', 'sci-fi']",['sunrise']
12,Finished Airing,R - 17+ (violence & profanity),8.62,71,18,2029345,18850,Shingeki no Kyojin Season 3,"['crunchyroll', 'netflix']","['action', 'drama']",['witstudio']
1,Finished Airing,PG-13 - Teens 13 or older,8.95,15,19,2027446,78359,Koe no Katachi,['netflix'],['genre:drama'],['kyotoanimation']
25,Finished Airing,PG-13 - Teens 13 or older,8.1,443,20,2015316,53899,Toradora!,"['crunchyroll', 'funimation']","['drama', 'romance']",['j.c.staff']
22,Finished Airing,PG-13 - Teens 13 or older,8.66,59,21,1982520,80525,Shigatsu wa Kimi no Uso,"['crunchyroll', 'funimation']","['drama', 'romance']",['a-1pictures']
12,Finished Airing,PG-13 - Teens 13 or older,7.96,612,22,1972399,31527,Noragami,"['crunchyroll', 'funimation']","['action', 'fantasy']",['bones']
25,Finished Airing,R - 17+ (violence & profanity),8.24,291,23,1968351,62125,Re:Zero kara Hajimeru Isekai Seikatsu,"['crunchyroll', 'netflix']","['drama', 'fantasy', 'suspense']",['whitefox']
24,Finished Airing,R - 17+ (violence & profanity),8.67,52,24,1965267,73477,Jujutsu Kaisen,"['crunchyroll', 'funimation']","['action', 'fantasy']",['mappa']
Unknown,Currently Airing,PG-13 - Teens 13 or older,8.66,58,25,1954404,175917,One Piece,"['crunchyroll', 'funimation']","['action', 'adventure', 'fantasy']",['toeianimation']
25,Finished Airing,PG-13 - Teens 13 or older,8.07,476,26,1944228,12718,Boku no Hero Academia 3rd Season,"['crunchyroll', 'netflix']",['genre:action'],['bones']
13,Finished Airing,PG-13 - Teens 13 or older,8.07,475,27,1930344,46577,Angel Beats!,"['crunchyroll', 'funimation']","['drama', 'supernatural']",['p.a.works']
10,Finished Airing,R - 17+ (violence & profanity),9.07,5,28,1911557,52386,Shingeki no Kyojin Season 3 Part 2,"['crunchyroll', 'netflix']","['action', 'drama']",['witstudio']
24,Finished Airing,R - 17+ (violence & profanity),7.47,1762,29,1884163,26791,Akame ga Kill!,"['crunchyroll', 'hidive']","['action', 'fantasy']",['whitefox']
24,Finished Airing,PG-13 - Teens 13 or older,7.7,1104,30,1872556,18935,Nanatsu no Taizai,['netflix'],"['action', 'adventure', 'fantasy']",['a-1pictures']
12,Finished Airing,R - 17+ (violence & profanity),8.31,228,31,1872181,44389,Boku dake ga Inai Machi,"['crunchyroll', 'funimation']",['genre:mystery'],['a-1pictures']
26,Finished Airing,R+ - Mild Nudity,7.44,1865,32,1863200,29493,Mirai Nikki (TV),"['crunchyroll', 'funimation']","['action', 'supernatural', 'suspense']",['asread.']
24,Finished Airing,PG-13 - Teens 13 or older,6.7,5334,33,1808440,9058,Sword Art Online II,"['crunchyroll', 'netflix']","['action', 'adventure', 'fantasy', 'romance']",['a-1pictures']
22,Finished Airing,PG-13 - Teens 13 or older,8.1,434,34,1784589,27377,Ansatsu Kyoushitsu,"['crunchyroll', 'funimation']","['action', 'comedy']",['lerche']
12,Finished Airing,PG-13 - Teens 13 or older,8.48,125,35,1784438,40405,Mob Psycho 100,"['crunchyroll', 'funimation']","['action', 'comedy', 'supernatural']",['bones']
25,Finished Airing,PG-13 - Teens 13 or older,7.51,1653,36,1769129,16231,Ao no Exorcist,"['crunchyroll', 'funimation']","['action', 'fantasy']",['a-1pictures']
25,Finished Airing,PG-13 - Teens 13 or older,8.45,140,37,1743281,67754,Haikyuu!!,"['crunchyroll', 'netflix']",['genre:sports'],['productioni.g']
10,Finished Airing,PG-13 - Teens 13 or older,8.12,414,38,1740616,41638,Kono Subarashii Sekai ni Shukufuku wo!,"['crunchyroll', 'netflix']","['adventure', 'comedy', 'fantasy']",['studiodeen']
12,Finished Airing,R - 17+ (violence & profanity),8.53,102,39,1738016,31436,Yakusoku no Neverland,"['crunchyroll', 'funimation']","['mystery', 'sci-fi', 'suspense']",['cloverworks']
366,Finished Airing,PG-13 - Teens 13 or older,7.87,752,40,1701568,61973,Bleach,"['crunchyroll', 'funimation']","['action', 'adventure', 'fantasy']",['pierrot']
24,Finished Airing,R - 17+ (violence & profanity),8.35,195,41,1671445,31809,Kiseijuu: Sei no Kakuritsu,"['crunchyroll', 'hidive']","['action', 'horror', 'sci-fi']",['madhouse']
16,Finished Airing,R - 17+ (violence & profanity),8.83,25,42,1658808,50238,Shingeki no Kyojin: The Final Season,"['crunchyroll', 'netflix']","['action', 'drama']",['mappa']
26,Finished Airing,R - 17+ (violence & profanity),8.75,38,43,1656886,73583,Cowboy Bebop,"['crunchyroll', 'funimation']","['action', 'sci-fi']",['sunrise']
1,Finished Airing,PG - Children,8.78,33,44,1650985,29176,Sen to Chihiro no Kamikakushi,['netflix'],"['adventure', 'awardwinning', 'supernatural']",['studioghibli']
12,Finished Airing,R - 17+ (violence & profanity),7.03,3817,45,1618963,10116,Tokyo Ghoul √A,"['crunchyroll', 'shahid']","['action', 'fantasy', 'horror']",['pierrot']
175,Finished Airing,PG-13 - Teens 13 or older,7.58,1424,46,1608976,44307,Fairy Tail,"['crunchyroll', 'funimation']","['action', 'adventure', 'fantasy']","['satelight', 'a-1pictures']"
25,Finished Airing,R - 17+ (violence & profanity),8.91,19,47,1603809,71861,Code Geass: Hangyaku no Lelouch R2,"['crunchyroll', 'funimation']","['action', 'drama', 'sci-fi']",['sunrise']
26,Finished Airing,PG-13 - Teens 13 or older,8.34,201,48,1598485,93809,Neon Genesis Evangelion,['netflix'],"['action', 'avantgarde', 'drama', 'sci-fi']","['gainax', 'tatsunokoproduction']"
12,Finished Airing,R - 17+ (violence & profanity),8.16,365,49,1589218,26261,Death Parade,"['funimation', 'netflix']","['drama', 'supernatural', 'suspense']",['madhouse']
24,Finished Airing,PG-13 - Teens 13 or older,8.04,506,50,1579502,35594,Kill la Kill,"['crunchyroll', 'funimation']","['action', 'comedy', 'ecchi']",['trigger']
13,Finished Airing,PG-13 - Teens 13 or older,8.67,57,51,1552438,53312,Violet Evergarden,['netflix'],"['drama', 'fantasy', 'sliceoflife']",['kyotoanimation']
12,Finished Airing,R - 17+ (violence & profanity),7.49,1716,52,1526213,16324,Another,"['crunchyroll', 'netflix']","['horror', 'mystery', 'supernatural', 'suspense']",['p.a.works']
13,Finished Airing,PG-13 - Teens 13 or older,8.26,270,53,1509208,42624,Seishun Buta Yarou wa Bunny Girl Senpai no Yume wo Minai,"['crunchyroll', 'funimation']","['comedy', 'drama', 'romance', 'supernatural']",['cloverworks']
24,Finished Airing,PG-13 - Teens 13 or older,8.18,357,54,1508057,23130,Shokugeki no Souma,"['hidive', 'netflix']","['gourmet', 'ecchi']",['j.c.staff']
25,Finished Airing,PG-13 - Teens 13 or older,7.94,644,55,1499532,8084,Boku no Hero Academia 4th Season,"['crunchyroll', 'netflix']",['genre:action'],['bones']
22,Finished Airing,R - 17+ (violence & profanity),8.35,191,57,1491756,36389,Psycho-Pass,"['crunchyroll', 'funimation']","['action', 'sci-fi', 'suspense']",['productioni.g']
51,Finished Airing,PG-13 - Teens 13 or older,7.84,812,56,1491698,24650,Soul Eater,"['crunchyroll', 'funimation']","['action', 'comedy', 'fantasy', 'supernatural']",['bones']
24,Finished Airing,PG-13 - Teens 13 or older,8.29,247,58,1490137,24848,Dr. Stone,"['crunchyroll', 'funimation']","['adventure', 'comedy', 'sci-fi']",['tmsentertainment']
12,Finished Airing,PG-13 - Teens 13 or older,8.41,158,59,1487225,35133,Kaguya-sama wa Kokurasetai: Tensai-tachi no Renai Zunousen,"['crunchyroll', 'funimation']",['genre:comedy'],['a-1pictures']
11,Finished Airing,PG-13 - Teens 13 or older,8.32,211,60,1487019,31749,Ano Hi Mita Hana no Namae wo Bokutachi wa Mada Shiranai.,"['crunchyroll', 'funimation']","['drama', 'sliceoflife', 'supernatural']",['a-1pictures']
27,Finished Airing,PG-13 - Teens 13 or older,8.63,69,61,1474677,73174,Tengen Toppa Gurren Lagann,"['crunchyroll', 'funimation']","['action', 'adventure', 'comedy', 'sci-fi']",['gainax']
12,Finished Airing,R - 17+ (violence & profanity),7.47,1780,62,1463988,5834,One Punch Man 2nd Season,['crunchyroll'],"['action', 'comedy']",['j.c.staff']
24,Finished Airing,PG-13 - Teens 13 or older,7.23,2840,63,1459109,29526,Darling in the FranXX,"['crunchyroll', 'funimation']","['action', 'drama', 'romance', 'sci-fi']","['a-1pictures', 'trigger', 'cloverworks']"
26,Finished Airing,R - 17+ (violence & profanity),7.91,685,64,1452808,33938,JoJo no Kimyou na Bouken (TV),"['crunchyroll', 'netflix']","['action', 'adventure', 'supernatural']",['davidproduction']
13,Finished Airing,PG-13 - Teens 13 or older,7.75,974,65,1442121,21142,Charlotte,"['crunchyroll', 'funimation']",['genre:drama'],['p.a.works']
13,Finished Airing,PG-13 - Teens 13 or older,7.77,939,66,1414302,10895,Hataraku Maou-sama!,"['crunchyroll', 'funimation']","['comedy', 'fantasy', 'romance', 'supernatural']",['whitefox']
13,Finished Airing,R+ - Mild Nudity,7.5,1676,67,1403457,22817,Elfen Lied,['hidive'],"['action', 'drama', 'horror', 'romance', 'supernatural']","['arms', 'studioguts']"
170,Finished Airing,PG-13 - Teens 13 or older,8.13,404,68,1398350,39289,Black Clover,"['crunchyroll', 'funimation']","['action', 'comedy', 'fantasy']",['pierrot']
13,Finished Airing,R - 17+ (violence & profanity),7.92,665,69,1396971,23172,Overlord,"['crunchyroll', 'funimation']","['action', 'adventure', 'fantasy', 'supernatural']",['madhouse']
13,Finished Airing,PG-13 - Teens 13 or older,7.56,1464,70,1380893,11076,Dungeon ni Deai wo Motomeru no wa Machigatteiru Darou ka,"['hidive', 'netflix']","['action', 'adventure', 'comedy', 'fantasy', 'romance']",['j.c.staff']
25,Finished Airing,PG-13 - Teens 13 or older,8.01,560,71,1380460,25330,Tate no Yuusha no Nariagari,"['crunchyroll', 'funimation']","['action', 'adventure', 'drama', 'fantasy']",['kinemacitrus']
13,Finished Airing,R - 17+ (violence & profanity),8.29,248,72,1379370,32370,Fate/Zero,"['crunchyroll', 'funimation']","['action', 'fantasy', 'supernatural']",['ufotable']
12,Finished Airing,R+ - Mild Nudity,7.08,3593,73,1378425,9500,Highschool of the Dead,"['hidive', 'netflix']","['action', 'horror', 'supernatural', 'ecchi']",['madhouse']
51,Finished Airing,R - 17+ (violence & profanity),8.12,412,74,1371151,24849,Fullmetal Alchemist,['netflix'],"['action', 'adventure', 'drama', 'fantasy']",['bones']
10,Finished Airing,PG-13 - Teens 13 or older,8.28,253,75,1345461,11420,Kono Subarashii Sekai ni Shukufuku wo! 2,"['crunchyroll', 'netflix']","['adventure', 'comedy', 'fantasy']",['studiodeen']
13,Finished Airing,PG-13 - Teens 13 or older,8.17,359,76,1334587,11234,Noragami Aragoto,['crunchyroll'],"['action', 'fantasy']",['bones']
23,Finished Airing,PG-13 - Teens 13 or older,8.01,551,77,1316870,26622,Clannad,"['funimation', 'hidive']","['drama', 'romance', 'supernatural']",['kyotoanimation']
12,Finished Airing,R - 17+ (violence & profanity),7.26,2679,78,1312400,10015,Kakegurui,['netflix'],"['drama', 'mystery']",['mappa']
24,Finished Airing,R - 17+ (violence & profanity),8.12,411,79,1309028,29314,Durarara!!,"['funimation', 'netflix']","['action', 'mystery', 'supernatural']","[""brain'sbase""]"
15,Finished Airing,R - 17+ (violence & profanity),8.34,197,80,1299387,46722,Bakemonogatari,"['crunchyroll', 'funimation']","['mystery', 'romance', 'supernatural']",['shaft']
12,Finished Airing,R+ - Mild Nudity,7.34,2298,81,1296066,21112,High School DxD,"['funimation', 'netflix']","['comedy', 'romance', 'ecchi']",['tnk']
13,Finished Airing,PG-13 - Teens 13 or older,8.02,546,82,1287696,26829,Yahari Ore no Seishun Love Comedy wa Machigatteiru.,"['hidive', 'shahid']","['comedy', 'romance']","[""brain'sbase""]"
13,Finished Airing,PG-13 - Teens 13 or older,8.81,28,83,1282517,29700,Mob Psycho 100 II,['crunchyroll'],"['action', 'comedy', 'supernatural']",['bones']
25,Finished Airing,PG-13 - Teens 13 or older,8.64,66,84,1272781,15207,Haikyuu!! Second Season,['crunchyroll'],['genre:sports'],['productioni.g']
25,Finished Airing,PG-13 - Teens 13 or older,8.5,113,85,1269209,16842,Ansatsu Kyoushitsu 2nd Season,"['crunchyroll', 'netflix']","['action', 'comedy']",['lerche']
22,Finished Airing,PG-13 - Teens 13 or older,8.09,457,86,1239964,25243,Hyouka,"['crunchyroll', 'funimation']","['mystery', 'sliceoflife']",['kyotoanimation']
12,Finished Airing,PG-13 - Teens 13 or older,7.72,1059,87,1239927,16909,Chuunibyou demo Koi ga Shitai!,"['crunchyroll', 'funimation']","['comedy', 'romance']",['kyotoanimation']
1,Finished Airing,R - 17+ (violence & profanity),8.65,63,88,1215019,12021,Kimetsu no Yaiba Movie: Mugen Ressha-hen,"['crunchyroll', 'netflix']","['action', 'fantasy']",['ufotable']
24,Finished Airing,PG-13 - Teens 13 or older,8.13,401,89,1209652,24800,Tensei shitara Slime Datta Ken,"['crunchyroll', 'funimation']","['action', 'adventure', 'comedy', 'fantasy']",['8bit']
12,Finished Airing,R - 17+ (violence & profanity),7.49,1704,90,1197493,12664,Owari no Seraph,"['funimation', 'netflix']","['action', 'drama', 'supernatural']",['witstudio']
13,Finished Airing,R - 17+ (violence & profanity),8.67,53,91,1181195,38817,Made in Abyss,"['hidive', 'netflix']","['adventure', 'drama', 'fantasy', 'mystery', 'sci-fi']",['kinemacitrus']
12,Finished Airing,R - 17+ (violence & profanity),7.82,850,92,1180536,22785,Bungou Stray Dogs,"['crunchyroll', 'funimation']","['action', 'comedy', 'mystery', 'supernatural']",['bones']
12,Finished Airing,PG-13 - Teens 13 or older,8.36,189,93,1175518,50177,Mahou Shoujo Madoka★Magica,"['crunchyroll', 'funimation']","['drama', 'suspense']",['shaft']
1,Finished Airing,G - All Ages,8.66,61,94,1161440,24378,Howl no Ugoku Shiro,['netflix'],"['adventure', 'drama', 'fantasy', 'romance']",['studioghibli']
24,Finished Airing,R - 17+ (violence & profanity),8.73,44,95,1159845,35087,Vinland Saga,[],"['action', 'adventure', 'drama']",['witstudio']
24,Finished Airing,PG-13 - Teens 13 or older,8.1,442,96,1151343,25794,Sakura-sou no Pet na Kanojo,"['hidive', 'netflix']","['drama', 'romance']",['j.c.staff']
12,Finished Airing,R - 17+ (violence & profanity),7.16,3216,97,1146612,6399,Deadman Wonderland,"['crunchyroll', 'funimation']","['action', 'horror', 'sci-fi', 'supernatural']",['manglobe']
26,Finished Airing,PG-13 - Teens 13 or older,8.01,557,98,1142566,21431,Kaichou wa Maid-sama!,"['crunchyroll', 'hidive']","['comedy', 'romance']",['j.c.staff']
12,Finished Airing,PG-13 - Teens 13 or older,8.65,62,99,1137330,18493,Kaguya-sama wa Kokurasetai? Tensai-tachi no Renai Zunousen,['crunchyroll'],['genre:comedy'],['a-1pictures']
22,Finished Airing,R - 17+ (violence & profanity),7.43,1916,100,1135452,16672,Guilty Crown,"['funimation', 'netflix']","['action', 'drama', 'sci-fi']",['productioni.g']
24,Finished Airing,PG-13 - Teens 13 or older,7.7,1119,101,1130953,8056,Enen no Shouboutai,"['crunchyroll', 'funimation']","['action', 'supernatural']",['davidproduction']
26,Finished Airing,R - 17+ (violence & profanity),8.5,117,102,1124181,34077,Samurai Champloo,"['crunchyroll', 'funimation']","['action', 'adventure', 'comedy']",['manglobe']
1,Finished Airing,PG-13 - Teens 13 or older,8.67,55,103,1121702,19312,Mononoke Hime,['netflix'],"['action', 'adventure', 'fantasy']",['studioghibli']
291,Finished Airing,PG-13 - Teens 13 or older,8.15,379,104,1116510,33827,Dragon Ball Z,['funimation'],"['action', 'adventure', 'comedy', 'fantasy']",['toeianimation']
13,Finished Airing,PG-13 - Teens 13 or older,7.99,579,105,1112603,16397,Kobayashi-san Chi no Maid Dragon,"['crunchyroll', 'funimation']","['fantasy', 'sliceoflife']",['kyotoanimation']
24,Finished Airing,PG-13 - Teens 13 or older,8.94,16,106,1098621,67148,Clannad: After Story,['shahid'],"['drama', 'romance', 'supernatural']",['kyotoanimation']
24,Finished Airing,R - 17+ (violence & profanity),7.68,1164,107,1085759,21451,Kuroshitsuji,"['funimation', 'netflix']","['action', 'comedy', 'mystery', 'supernatural']",['a-1pictures']
25,Finished Airing,PG-13 - Teens 13 or older,8.07,486,108,1085647,19996,Kuroko no Basket,"['crunchyroll', 'netflix']",['genre:sports'],['productioni.g']
13,Finished Airing,PG-13 - Teens 13 or older,8.21,320,109,1083828,28516,Horimiya,"['crunchyroll', 'funimation']",['genre:romance'],['cloverworks']
20,Finished Airing,PG-13 - Teens 13 or older,7.59,1382,110,1076865,10510,Nisekoi,"['crunchyroll', 'funimation']","['comedy', 'romance']",['shaft']
12,Finished Airing,PG-13 - Teens 13 or older,7.74,1021,111,1071728,11439,Kyoukai no Kanata,['hidive'],"['fantasy', 'sliceoflife', 'supernatural']",['kyotoanimation']
10,Finished Airing,PG-13 - Teens 13 or older,8.79,32,112,1064444,14713,Haikyuu!!: Karasuno Koukou vs. Shiratorizawa Gakuen Koukou,"['crunchyroll', 'hidive']",['genre:sports'],['productioni.g']
24,Finished Airing,R - 17+ (violence & profanity),8.1,436,113,1056037,19581,JoJo no Kimyou na Bouken Part 3: Stardust Crusaders,"['crunchyroll', 'netflix']","['action', 'adventure', 'drama', 'supernatural']",['davidproduction']
11,Finished Airing,R - 17+ (violence & profanity),8.1,447,114,1050012,20522,Zankyou no Terror,"['crunchyroll', 'funimation']","['mystery', 'suspense']",['mappa']
24,Finished Airing,R - 17+ (violence & profanity),8.24,285,115,1046831,17622,Dororo,[],"['action', 'adventure', 'supernatural']","['tezukaproductions', 'mappa']"
13,Finished Airing,PG-13 - Teens 13 or older,8.11,426,116,1042381,3027,Shokugeki no Souma: Ni no Sara,"['hidive', 'netflix']","['gourmet', 'ecchi']",['j.c.staff']
12,Finished Airing,R - 17+ (violence & profanity),6.38,7149,117,1040202,3578,Tokyo Ghoul:re,"['crunchyroll', 'netflix']","['action', 'fantasy', 'horror']","['pierrot', 'pierrotplus']"
25,Finished Airing,PG-13 - Teens 13 or older,7.94,654,118,1034875,9989,Log Horizon,"['crunchyroll', 'funimation']","['action', 'adventure', 'fantasy']",['satelight']
26,Finished Airing,PG-13 - Teens 13 or older,8.16,370,119,1028138,31505,Ouran Koukou Host Club,"['crunchyroll', 'funimation']","['comedy', 'romance']",['bones']
12,Finished Airing,R - 17+ (violence & profanity),8.56,86,120,1023794,19608,Fate/Zero 2nd Season,"['crunchyroll', 'netflix']","['action', 'fantasy', 'supernatural']",['ufotable']
24,Finished Airing,PG-13 - Teens 13 or older,7.62,1293,121,1020804,3771,Nanatsu no Taizai: Imashime no Fukkatsu,[],"['action', 'adventure', 'fantasy', 'supernatural']",['a-1pictures']
12,Finished Airing,PG-13 - Teens 13 or older,8.78,35,122,997499,32290,Spy x Family,"['netflix', 'animax mongolia']","['action', 'comedy']","['witstudio', 'cloverworks']"
24,Finished Airing,R - 17+ (violence & profanity),8.09,452,123,996459,23546,Tokyo Revengers,"['crunchyroll', 'netflix']","['action', 'drama', 'supernatural']",['lidenfilms']
12,Finished Airing,PG-13 - Teens 13 or older,7.86,778,124,996694,15133,Youkoso Jitsuryoku Shijou Shugi no Kyoushitsu e,"['crunchyroll', 'funimation']",['genre:drama'],['lerche']
10,Finished Airing,R+ - Mild Nudity,7.77,934,125,994656,21216,Devilman: Crybaby,['netflix'],"['action', 'avantgarde', 'horror', 'supernatural']",['sciencesaru']
11,Finished Airing,R - 17+ (violence & profanity),8.37,182,126,993912,24287,Mushoku Tensei: Isekai Ittara Honki Dasu,"['crunchyroll', 'funimation']","['drama', 'fantasy', 'ecchi']",['studiobind']
13,Finished Airing,PG-13 - Teens 13 or older,7.49,1712,127,979949,5771,Tonari no Kaibutsu-kun,"['crunchyroll', 'netflix']","['comedy', 'romance']","[""brain'sbase""]"
11,Finished Airing,R - 17+ (violence & profanity),8.85,23,128,976480,21189,Kimetsu no Yaiba: Yuukaku-hen,"['crunchyroll', 'funimation']","['action', 'fantasy']",['ufotable']
12,Finished Airing,R - 17+ (violence & profanity),7.42,1974,129,969975,6403,Goblin Slayer,"['crunchyroll', 'funimation']","['action', 'adventure', 'fantasy']",['whitefox']
12,Finished Airing,R - 17+ (violence & profanity),8.19,348,130,967766,15418,Fate/stay night: Unlimited Blade Works,"['crunchyroll', 'funimation']","['action', 'fantasy', 'supernatural']",['ufotable']
39,Finished Airing,R - 17+ (violence & profanity),8.5,116,131,967241,35623,JoJo no Kimyou na Bouken Part 4: Diamond wa Kudakenai,"['crunchyroll', 'netflix']","['action', 'adventure', 'comedy', 'drama', 'supernatural']",['davidproduction']
13,Finished Airing,PG-13 - Teens 13 or older,7.85,795,132,966243,22221,K-On!,"['crunchyroll', 'hidive']",['genre:comedy'],['kyotoanimation']
26,Finished Airing,PG-13 - Teens 13 or older,7.43,1921,133,965339,10627,Mahouka Koukou no Rettousei,"['crunchyroll', 'funimation']","['action', 'romance', 'sci-fi', 'supernatural']",['madhouse']
24,Finished Airing,R - 17+ (violence & profanity),8.44,141,134,963520,18669,JoJo no Kimyou na Bouken Part 3: Stardust Crusaders 2nd Season,"['crunchyroll', 'netflix']","['action', 'adventure', 'drama', 'supernatural']",['davidproduction']
201,Finished Airing,PG-13 - Teens 13 or older,8.95,14,135,963158,55541,Gintama,"['crunchyroll', 'netflix']","['action', 'comedy', 'sci-fi']",['sunrise']
13,Finished Airing,R - 17+ (violence & profanity),8.36,190,136,960572,10934,Re:Zero kara Hajimeru Isekai Seikatsu 2nd Season,['crunchyroll'],"['drama', 'fantasy', 'suspense']",['whitefox']
25,Finished Airing,PG-13 - Teens 13 or older,8.02,539,137,956806,8676,Magi: The Labyrinth of Magic,"['crunchyroll', 'funimation']","['action', 'adventure', 'fantasy']",['a-1pictures']
13,Finished Airing,PG-13 - Teens 13 or older,8.22,312,138,954578,15458,Yahari Ore no Seishun Love Comedy wa Machigatteiru. Zoku,"['hidive', 'shahid']","['comedy', 'romance']",['feel.']
120,Finished Airing,PG-13 - Teens 13 or older,8.42,152,139,951573,25627,Saiki Kusuo no Ψ-nan,"['funimation', 'netflix']","['comedy', 'supernatural']","['j.c.staff', 'eggfirm']"
25,Finished Airing,PG-13 - Teens 13 or older,7.42,1965,140,951063,9841,Boku no Hero Academia 5th Season,"['crunchyroll', 'funimation']",['genre:action'],['bones']
1,Finished Airing,G - All Ages,8.26,273,141,946811,7358,Tonari no Totoro,['netflix'],"['adventure', 'supernatural']",['studioghibli']
12,Finished Airing,R - 17+ (violence & profanity),7.17,3133,142,937286,9145,Date A Live,"['crunchyroll', 'funimation']","['comedy', 'romance', 'sci-fi']",['aicplus+']
12,Finished Airing,R - 17+ (violence & profanity),8.81,29,143,935044,27017,Shingeki no Kyojin: The Final Season Part 2,"['crunchyroll', 'funimation']","['action', 'drama']",['mappa']
153,Finished Airing,PG-13 - Teens 13 or older,7.96,618,144,930950,13801,Dragon Ball,"['crunchyroll', 'funimation']","['adventure', 'comedy', 'fantasy']",['toeianimation']
13,Finished Airing,PG-13 - Teens 13 or older,7.98,588,145,930700,9255,ReLIFE,['crunchyroll'],"['drama', 'romance', 'sliceoflife']",['tmsentertainment']
24,Finished Airing,PG-13 - Teens 13 or older,7.75,984,146,927419,12015,Golden Time,['hidive'],"['comedy', 'drama', 'romance']",['j.c.staff']
24,Finished Airing,R - 17+ (violence & profanity),7.56,1493,147,922660,6754,Sword Art Online: Alicization,['crunchyroll'],"['action', 'adventure', 'fantasy']",['a-1pictures']
12,Finished Airing,R+ - Mild Nudity,7.62,1298,148,909850,6717,Prison School,"['crunchyroll', 'funimation']","['comedy', 'romance', 'ecchi']",['j.c.staff']
102,Finished Airing,PG-13 - Teens 13 or older,7.66,1202,149,902255,11509,Fairy Tail (2014),['crunchyroll'],"['action', 'adventure', 'fantasy']","['a-1pictures', 'bridge']"
12,Finished Airing,R - 17+ (violence & profanity),8.03,521,150,897615,16353,Black Lagoon,"['crunchyroll', 'funimation']",['genre:action'],['madhouse']
74,Finished Airing,R+ - Mild Nudity,8.84,24,151,888883,40629,Monster,[],"['drama', 'mystery', 'suspense']",['madhouse']
13,Finished Airing,R - 17+ (violence & profanity),7.76,956,152,887472,4065,Overlord II,"['crunchyroll', 'animax mongolia']","['action', 'adventure', 'fantasy', 'supernatural']",['madhouse']
12,Finished Airing,PG-13 - Teens 13 or older,8.03,515,153,885495,2587,Shokugeki no Souma: San no Sara,"['crunchyroll', 'netflix']","['gourmet', 'ecchi']",['j.c.staff']
24,Finished Airing,R - 17+ (violence & profanity),7.29,2552,154,878906,7014,Fate/stay night,"['hidive', 'netflix']","['action', 'fantasy', 'romance', 'supernatural']",['studiodeen']
25,Finished Airing,R - 17+ (violence & profanity),8.07,477,155,876953,16033,Darker than Black: Kuro no Keiyakusha,[],"['action', 'mystery', 'sci-fi']",['bones']
39,Finished Airing,R - 17+ (violence & profanity),8.58,79,156,871925,28295,JoJo no Kimyou na Bouken Part 5: Ougon no Kaze,"['crunchyroll', 'netflix']","['action', 'adventure']",['davidproduction']
13,Finished Airing,R - 17+ (violence & profanity),7.23,2839,157,865949,7953,Danganronpa: Kibou no Gakuen to Zetsubou no Koukousei The Animation,"['crunchyroll', 'funimation']","['horror', 'mystery']",['lerche']
3,Finished Airing,PG-13 - Teens 13 or older,7.59,1371,158,862410,10377,Byousoku 5 Centimeter,"['crunchyroll', 'netflix']","['drama', 'romance', 'sliceoflife']",['comixwavefilms']
14,Finished Airing,PG-13 - Teens 13 or older,7.84,813,159,857920,14646,Suzumiya Haruhi no Yuuutsu,"['funimation', 'netflix']","['comedy', 'mystery', 'sci-fi', 'sliceoflife']",['kyotoanimation']
13,Finished Airing,R - 17+ (violence & profanity),7.11,3432,160,856668,3642,Black Bullet,"['crunchyroll', 'netflix']","['action', 'mystery', 'sci-fi']","['kinemacitrus', 'orange']"
12,Finished Airing,PG-13 - Teens 13 or older,7.85,787,161,855092,10453,Gekkan Shoujo Nozaki-kun,"['crunchyroll', 'hidive']","['comedy', 'romance']",['dogakobo']
11,Finished Airing,PG-13 - Teens 13 or older,8.18,356,162,854554,6753,Dr. Stone: Stone Wars,"['crunchyroll', 'funimation']","['adventure', 'comedy', 'sci-fi']",['tmsentertainment']
13,Finished Airing,PG-13 - Teens 13 or older,7.92,666,163,852352,10977,Plastic Memories,"['crunchyroll', 'funimation']","['drama', 'romance', 'sci-fi']",['dogakobo']
12,Finished Airing,R - 17+ (violence & profanity),7.46,1800,164,848943,8191,Rakudai Kishi no Cavalry,"['crunchyroll', 'hidive']","['action', 'fantasy', 'romance', 'ecchi']","['silverlink.', 'nexus']"
11,Finished Airing,PG-13 - Teens 13 or older,7.95,634,165,846447,10246,Wotaku ni Koi wa Muzukashii,[],['genre:romance'],['a-1pictures']
13,Finished Airing,R - 17+ (violence & profanity),8.38,175,166,843787,22497,Baccano!,[],"['action', 'comedy', 'mystery', 'supernatural']","[""brain'sbase""]"
12,Finished Airing,R+ - Mild Nudity,7.49,1727,167,841283,4405,High School DxD New,['netflix'],"['action', 'comedy', 'romance', 'ecchi']",['tnk']
10,Finished Airing,R - 17+ (violence & profanity),8.36,186,168,837442,19790,Hellsing Ultimate,"['crunchyroll', 'funimation']","['action', 'horror', 'supernatural']","['madhouse', 'satelight', 'graphinica']"
12,Finished Airing,PG-13 - Teens 13 or older,7.17,3150,169,835665,7879,"Kanojo, Okarishimasu",['crunchyroll'],"['comedy', 'romance']",['tmsentertainment']
1,Finished Airing,PG-13 - Teens 13 or older,8.31,227,170,832942,10870,Tenki no Ko,['netflix'],"['drama', 'fantasy', 'romance', 'sliceoflife']",['comixwavefilms']
12,Finished Airing,PG-13 - Teens 13 or older,7.65,1211,171,827760,9423,Ao Haru Ride,['crunchyroll'],"['drama', 'romance', 'sliceoflife']",['productioni.g']
25,Finished Airing,PG-13 - Teens 13 or older,8.0,570,172,825278,11790,Kimi ni Todoke,"['crunchyroll', 'funimation']","['drama', 'romance', 'sliceoflife']",['productioni.g']
11,Finished Airing,R - 17+ (violence & profanity),5.34,11608,173,823831,4474,Yakusoku no Neverland 2nd Season,"['crunchyroll', 'funimation']","['sci-fi', 'suspense']",['cloverworks']
1,Finished Airing,R+ - Mild Nudity,8.55,89,174,814092,25177,Neon Genesis Evangelion: The End of Evangelion,['netflix'],"['avantgarde', 'drama', 'sci-fi']","['gainax', 'productioni.g']"
12,Finished Airing,PG-13 - Teens 13 or older,7.68,1150,175,807107,12446,5-toubun no Hanayome,"['crunchyroll', 'funimation']","['comedy', 'romance']",['tezukaproductions']
26,Finished Airing,PG-13 - Teens 13 or older,8.46,133,176,804866,21337,Nichijou,"['crunchyroll', 'funimation']",['genre:comedy'],['kyotoanimation']
12,Finished Airing,R - 17+ (violence & profanity),7.97,609,177,804334,10930,Youjo Senki,"['crunchyroll', 'netflix']",['genre:action'],['nut']
12,Finished Airing,PG-13 - Teens 13 or older,7.91,700,178,803686,19521,Yuri!!! on Ice,"['crunchyroll', 'funimation']",['genre:sports'],['mappa']
24,Finished Airing,PG-13 - Teens 13 or older,8.07,472,179,801642,10312,Mahoutsukai no Yome,['crunchyroll'],"['fantasy', 'sliceoflife']",['witstudio']
1,Finished Airing,PG-13 - Teens 13 or older,8.56,88,180,801451,17870,Kimi no Suizou wo Tabetai,['netflix'],"['drama', 'romance', 'sliceoflife']",['studiovoln']
13,Finished Airing,PG-13 - Teens 13 or older,8.36,185,181,800806,4832,Haikyuu!! To the Top,['crunchyroll'],['genre:sports'],['productioni.g']
12,Finished Airing,R - 17+ (violence & profanity),7.31,2435,182,800221,3288,Btooom!,"['hidive', 'netflix']","['action', 'sci-fi']",['madhouse']
13,Finished Airing,PG-13 - Teens 13 or older,7.56,1476,183,797407,5817,Kami no Tou,"['crunchyroll', 'netflix']","['action', 'adventure', 'drama', 'fantasy', 'mystery']",['telecomanimationfilm']
12,Finished Airing,R - 17+ (violence & profanity),7.61,1333,184,790860,7160,Kekkai Sensen,"['crunchyroll', 'funimation']","['action', 'comedy', 'fantasy', 'supernatural']",['bones']
1,Finished Airing,PG-13 - Teens 13 or older,8.21,314,185,786032,7302,No Game No Life: Zero,"['hidive', 'netflix']","['drama', 'fantasy', 'romance']",['madhouse']
13,Finished Airing,PG-13 - Teens 13 or older,7.07,3646,186,785802,3853,The God of High School,"['crunchyroll', 'netflix']","['action', 'fantasy', 'sci-fi', 'supernatural']",['mappa']
13,Finished Airing,R - 17+ (violence & profanity),8.32,214,187,780598,8776,Fate/stay night: Unlimited Blade Works 2nd Season,[],"['action', 'fantasy', 'supernatural']",['ufotable']
23,Finished Airing,PG-13 - Teens 13 or older,8.52,109,188,779741,10830,Steins;Gate 0,"['crunchyroll', 'netflix']","['drama', 'sci-fi', 'suspense']",['whitefox']
25,Finished Airing,PG-13 - Teens 13 or older,8.23,294,189,778842,7440,Magi: The Kingdom of Magic,"['crunchyroll', 'funimation']","['action', 'adventure', 'fantasy']",['a-1pictures']
13,Finished Airing,R - 17+ (violence & profanity),7.93,660,190,776819,5058,Overlord III,"['crunchyroll', 'animax mongolia']","['action', 'fantasy', 'supernatural']",['madhouse']
13,Finished Airing,PG-13 - Teens 13 or older,7.76,970,191,776520,7706,Kokoro Connect,"['crunchyroll', 'hidive']","['drama', 'romance', 'supernatural']",['silverlink.']
1,Finished Airing,PG-13 - Teens 13 or older,7.91,689,192,775169,6518,Kotonoha no Niwa,"['hidive', 'netflix']","['drama', 'romance', 'sliceoflife']",['comixwavefilms']
25,Finished Airing,PG-13 - Teens 13 or older,8.23,301,193,772049,4232,Kuroko no Basket 2nd Season,['crunchyroll'],['genre:sports'],['productioni.g']
Unknown,Currently Airing,PG-13 - Teens 13 or older,5.79,10003,194,770205,6666,Boruto: Naruto Next Generations,"['crunchyroll', 'netflix']","['action', 'adventure', 'fantasy']",['pierrot']
12,Finished Airing,PG-13 - Teens 13 or older,8.4,167,195,768769,9814,Tensei shitara Slime Datta Ken 2nd Season,"['crunchyroll', 'funimation']","['action', 'adventure', 'comedy', 'fantasy']",['8bit']
12,Finished Airing,PG-13 - Teens 13 or older,7.08,3569,196,767283,3685,Trinity Seven,"['crunchyroll', 'hidive']","['action', 'comedy', 'fantasy', 'romance', 'supernatural', 'ecchi']",['sevenarcspictures']
24,Finished Airing,PG-13 - Teens 13 or older,8.03,519,197,766210,14672,Akatsuki no Yona,"['crunchyroll', 'funimation']","['action', 'adventure', 'comedy', 'fantasy', 'romance']",['pierrot']
12,Finished Airing,PG-13 - Teens 13 or older,6.74,5136,198,761801,2952,Masamune-kun no Revenge,['crunchyroll'],"['comedy', 'romance']",['silverlink.']
13,Finished Airing,PG-13 - Teens 13 or older,7.25,2738,199,761305,7648,Zero no Tsukaima,"['crunchyroll', 'netflix']","['action', 'adventure', 'comedy', 'fantasy', 'romance', 'ecchi']",['j.c.staff']
12,Finished Airing,R - 17+ (violence & profanity),6.41,6973,200,756893,2535,Tokyo Ghoul:re 2nd Season,"['crunchyroll', 'shahid']","['action', 'fantasy', 'horror']","['pierrot', 'pierrotplus']"
12,Finished Airing,R+ - Mild Nudity,7.18,3110,201,755422,3674,Boku wa Tomodachi ga Sukunai,"['crunchyroll', 'funimation']","['comedy', 'romance', 'ecchi']",['aicbuild']
26,Finished Airing,PG-13 - Teens 13 or older,8.67,56,202,754589,24950,Mushishi,"['funimation', 'tubi tv']","['adventure', 'fantasy', 'mystery', 'sliceoflife', 'supernatural']",['artland']
24,Finished Airing,R - 17+ (violence & profanity),7.37,2176,203,753603,5324,Toaru Majutsu no Index,"['crunchyroll', 'funimation']","['action', 'sci-fi']",['j.c.staff']
13,Finished Airing,PG-13 - Teens 13 or older,8.23,297,204,753579,17157,Ookami to Koushinryou,"['funimation', 'netflix']","['adventure', 'fantasy', 'romance']",['imagin']
12,Finished Airing,R - 17+ (violence & profanity),7.87,748,205,752547,9099,Beastars,['netflix'],"['drama', 'sliceoflife']",['orange']
12,Finished Airing,PG-13 - Teens 13 or older,8.32,223,206,751475,16396,Sono Bisque Doll wa Koi wo Suru,"['crunchyroll', 'funimation']","['romance', 'sliceoflife']",['cloverworks']
12,Finished Airing,PG-13 - Teens 13 or older,8.24,283,207,749577,13272,Danshi Koukousei no Nichijou,"['crunchyroll', 'funimation']",['genre:comedy'],['sunrise']
26,Finished Airing,R - 17+ (violence & profanity),7.9,720,208,748643,20106,Higurashi no Naku Koro ni,"['hidive', 'netflix']","['horror', 'mystery', 'supernatural', 'suspense']",['studiodeen']
1,Finished Airing,G - All Ages,8.59,77,209,748588,10718,Ookami Kodomo no Ame to Yuki,[],"['fantasy', 'sliceoflife']",['studiochizu']
1,Finished Airing,G - All Ages,8.3,236,210,747829,9670,Hotarubi no Mori e,[],"['drama', 'romance', 'supernatural']","[""brain'sbase""]"
1,Finished Airing,R+ - Mild Nudity,8.16,364,211,747297,11873,Akira,"['funimation', 'netflix']","['action', 'adventure', 'horror', 'sci-fi', 'supernatural']",['tokyomovieshinsha']
6,Finished Airing,PG-13 - Teens 13 or older,8.02,536,212,744491,27252,FLCL,['funimation'],"['action', 'avantgarde', 'comedy', 'sci-fi']","['gainax', 'productioni.g']"
12,Finished Airing,PG-13 - Teens 13 or older,7.34,2292,213,743650,9285,Free!,"['crunchyroll', 'funimation']",['genre:sports'],"['kyotoanimation', 'animationdo']"
13,Finished Airing,PG-13 - Teens 13 or older,7.62,1295,214,743037,6388,Orange,['crunchyroll'],"['drama', 'romance', 'sci-fi']",['telecomanimationfilm']
43,Finished Airing,R - 17+ (violence & profanity),8.69,51,215,742363,23823,Great Teacher Onizuka,"['crunchyroll', 'netflix']","['comedy', 'drama']",['pierrot']
12,Finished Airing,R - 17+ (violence & profanity),7.26,2683,216,740827,3267,Koutetsujou no Kabaneri,"['crunchyroll', 'netflix']","['action', 'drama', 'fantasy', 'horror', 'supernatural']",['witstudio']
24,Finished Airing,R - 17+ (violence & profanity),8.5,114,217,739898,27158,Banana Fish,[],"['action', 'adventure', 'drama']",['mappa']
1,Finished Airing,G - All Ages,8.13,402,218,735216,5584,Toki wo Kakeru Shoujo,[],"['drama', 'romance', 'sci-fi']",['madhouse']
131,Finished Airing,PG-13 - Teens 13 or older,7.42,1970,219,734865,9215,Dragon Ball Super,"['crunchyroll', 'funimation']","['action', 'adventure', 'comedy', 'fantasy']",['toeianimation']
12,Finished Airing,R+ - Mild Nudity,7.43,1917,220,734328,3794,High School DxD BorN,['netflix'],"['action', 'comedy', 'romance', 'ecchi']",['tnk']
12,Finished Airing,R - 17+ (violence & profanity),8.47,127,221,730911,11329,Re:Zero kara Hajimeru Isekai Seikatsu 2nd Season Part 2,"['crunchyroll', 'animax asia']","['drama', 'fantasy', 'suspense']",['whitefox']
12,Finished Airing,R - 17+ (violence & profanity),7.7,1120,222,729417,5777,"Gate: Jieitai Kanochi nite, Kaku Tatakaeri","['hidive', 'netflix']","['action', 'adventure', 'fantasy']",['a-1pictures']
25,Finished Airing,R - 17+ (violence & profanity),8.3,239,223,727010,21333,Shinsekai yori,"['crunchyroll', 'hidive']","['drama', 'horror', 'mystery', 'sci-fi', 'supernatural']",['a-1pictures']
12,Finished Airing,R - 17+ (violence & profanity),8.2,324,224,726858,6279,Bungou Stray Dogs 2nd Season,"['crunchyroll', 'netflix']","['action', 'mystery', 'supernatural']",['bones']
12,Finished Airing,R+ - Mild Nudity,7.25,2728,225,726705,3611,Shimoneta to Iu Gainen ga Sonzai Shinai Taikutsu na Sekai,"['funimation', 'netflix']","['comedy', 'ecchi']",['j.c.staff']
167,Finished Airing,PG-13 - Teens 13 or older,7.85,793,226,726205,16977,InuYasha,"['crunchyroll', 'funimation']","['action', 'adventure', 'comedy', 'fantasy', 'romance', 'supernatural']",['sunrise']
12,Finished Airing,PG-13 - Teens 13 or older,7.57,1457,227,713967,3869,Yamada-kun to 7-nin no Majo,['crunchyroll'],"['comedy', 'mystery', 'romance', 'supernatural']",['lidenfilms']
13,Finished Airing,PG-13 - Teens 13 or older,7.45,1840,228,712215,6500,K,"['crunchyroll', 'netflix']","['action', 'mystery', 'supernatural']",['gohands']
12,Finished Airing,PG-13 - Teens 13 or older,7.23,2847,229,711875,1932,Dungeon ni Deai wo Motomeru no wa Machigatteiru Darou ka II,"['crunchyroll', 'hidive']","['action', 'adventure', 'comedy', 'fantasy', 'romance']",['j.c.staff']
12,Finished Airing,R - 17+ (violence & profanity),7.62,1296,230,711376,2794,Owari no Seraph: Nagoya Kessen-hen,[],"['action', 'drama', 'supernatural']",['witstudio']
20,Finished Airing,R - 17+ (violence & profanity),8.38,177,231,709165,12122,Fumetsu no Anata e,"['crunchyroll', 'netflix']","['adventure', 'drama', 'supernatural']","[""brain'sbase""]"
12,Finished Airing,PG-13 - Teens 13 or older,7.56,1489,232,699224,2423,Sakamoto Desu ga?,"['hidive', 'shahid']",['genre:comedy'],['studiodeen']
25,Finished Airing,PG-13 - Teens 13 or older,8.22,304,233,696610,13517,Fruits Basket 1st Season,"['crunchyroll', 'funimation']","['drama', 'fantasy', 'romance']",['tmsentertainment']
12,Finished Airing,PG-13 - Teens 13 or older,8.0,571,234,694029,11083,"Komi-san wa, Comyushou desu.",['netflix'],['genre:comedy'],['olm']
12,Finished Airing,PG-13 - Teens 13 or older,7.36,2204,235,689760,1511,Ao no Exorcist: Kyoto Fujouou-hen,['crunchyroll'],"['action', 'fantasy']",['a-1pictures']
12,Finished Airing,R - 17+ (violence & profanity),7.2,2995,236,687578,1885,Kakegurui××,[],"['drama', 'mystery']",['mappa']
11,Finished Airing,R - 17+ (violence & profanity),8.15,374,237,686286,3795,Nisemonogatari,"['crunchyroll', 'funimation']","['comedy', 'mystery', 'supernatural', 'ecchi']",['shaft']
12,Finished Airing,R+ - Mild Nudity,6.99,3985,238,684929,3733,Monster Musume no Iru Nichijou,['hidive'],"['comedy', 'fantasy', 'romance', 'ecchi']",['lerche']
25,Finished Airing,PG-13 - Teens 13 or older,8.31,231,239,682981,4861,Kuroko no Basket 3rd Season,"['crunchyroll', 'netflix']",['genre:sports'],['productioni.g']
12,Finished Airing,PG-13 - Teens 13 or older,8.54,93,240,681283,5670,Haikyuu!! To the Top Part 2,['crunchyroll'],['genre:sports'],['productioni.g']
12,Finished Airing,PG-13 - Teens 13 or older,7.55,1523,241,679586,2431,Chuunibyou demo Koi ga Shitai! Ren,['hidive'],"['comedy', 'romance']",['kyotoanimation']
12,Finished Airing,PG-13 - Teens 13 or older,7.39,2074,242,677389,4708,Kiznaiver,['crunchyroll'],"['drama', 'romance', 'sci-fi']",['trigger']
24,Finished Airing,PG-13 - Teens 13 or older,7.24,2765,243,675731,3824,Accel World,"['crunchyroll', 'funimation']","['action', 'romance', 'sci-fi']",['sunrise']
26,Finished Airing,PG-13 - Teens 13 or older,8.22,310,244,674863,13633,Trigun,"['crunchyroll', 'funimation']","['action', 'adventure', 'comedy', 'drama', 'sci-fi']",['madhouse']
12,Finished Airing,PG-13 - Teens 13 or older,7.36,2217,245,667745,8294,"Ijiranaide, Nagatoro-san","['crunchyroll', 'anime digital network']",['genre:comedy'],['telecomanimationfilm']
24,Finished Airing,R+ - Mild Nudity,8.32,220,246,665988,24006,NHK ni Youkoso!,['funimation'],"['comedy', 'drama', 'romance']",['gonzo']
12,Finished Airing,PG-13 - Teens 13 or older,8.43,149,247,664536,16869,Grand Blue,[],['genre:comedy'],['zero-g']
12,Finished Airing,PG-13 - Teens 13 or older,7.65,1218,248,663542,5649,Hai to Gensou no Grimgar,"['crunchyroll', 'netflix']","['action', 'adventure', 'drama', 'fantasy']",['a-1pictures']
1,Finished Airing,PG-13 - Teens 13 or older,7.58,1420,249,661993,1329,Boku no Hero Academia the Movie 1: Futari no Hero,"['crunchyroll', 'netflix']",['genre:action'],['bones']
1,Finished Airing,R+ - Mild Nudity,7.57,1452,250,661050,3387,Sword Art Online Movie: Ordinal Scale,"['crunchyroll', 'netflix']","['action', 'adventure', 'fantasy']",['a-1pictures']
1,Finished Airing,PG-13 - Teens 13 or older,8.46,129,251,660895,4414,Kono Subarashii Sekai ni Shukufuku wo! Movie: Kurenai Densetsu,['crunchyroll'],"['adventure', 'comedy', 'fantasy']",['j.c.staff']
12,Finished Airing,PG-13 - Teens 13 or older,6.38,7095,252,660714,2673,Eromanga-sensei,"['crunchyroll', 'funimation']","['comedy', 'drama', 'romance', 'ecchi']",['a-1pictures']
13,Finished Airing,R - 17+ (violence & profanity),7.49,1725,253,659931,5596,Hellsing,"['crunchyroll', 'funimation']","['action', 'horror', 'supernatural']",['gonzo']
13,Finished Airing,R - 17+ (violence & profanity),8.07,473,254,659302,22999,Serial Experiments Lain,"['crunchyroll', 'funimation']","['avantgarde', 'drama', 'mystery', 'sci-fi', 'supernatural']",['trianglestaff']
4,Finished Airing,PG-13 - Teens 13 or older,7.0,3963,255,654733,767,Nanatsu no Taizai: Seisen no Shirushi,[],"['action', 'adventure', 'fantasy']",['a-1pictures']
12,Finished Airing,R - 17+ (violence & profanity),7.58,1402,256,654669,3374,Sword Art Online: Alicization - War of Underworld,['crunchyroll'],"['action', 'adventure', 'fantasy']",['a-1pictures']
12,Finished Airing,PG-13 - Teens 13 or older,7.58,1406,257,654197,2552,Tsurezure Children,"['crunchyroll', 'funimation']","['comedy', 'romance']",['studiogokumi']
12,Finished Airing,R+ - Mild Nudity,6.69,5373,258,651274,5299,Domestic na Kanojo,"['crunchyroll', 'hidive']","['drama', 'romance']",['diomedéa']
12,Finished Airing,R - 17+ (violence & profanity),7.69,1138,259,651006,8433,Wonder Egg Priority,"['crunchyroll', 'funimation']","['drama', 'fantasy']",['cloverworks']
12,Finished Airing,PG-13 - Teens 13 or older,7.98,591,260,650393,1387,Shokugeki no Souma: San no Sara - Tootsuki Ressha-hen,"['crunchyroll', 'netflix']","['gourmet', 'ecchi']",['j.c.staff']
103,Finished Airing,PG-13 - Teens 13 or older,8.02,534,261,649775,13285,D.Gray-man,"['crunchyroll', 'funimation']","['action', 'adventure', 'comedy']",['tmsentertainment']
12,Finished Airing,PG-13 - Teens 13 or older,6.99,3990,262,647602,4374,Ore no Imouto ga Konnani Kawaii Wake ga Nai,"['crunchyroll', 'funimation']",['genre:comedy'],['aicbuild']
24,Finished Airing,PG-13 - Teens 13 or older,6.45,6729,263,644118,1340,Nanatsu no Taizai: Kamigami no Gekirin,[],"['action', 'adventure', 'fantasy', 'supernatural']",['studiodeen']
12,Finished Airing,R - 17+ (violence & profanity),7.15,3263,264,643224,3054,Rokudenashi Majutsu Koushi to Akashic Records,"['crunchyroll', 'funimation']","['action', 'fantasy']",['lidenfilms']
12,Finished Airing,R - 17+ (violence & profanity),8.73,42,265,642222,15152,Mushoku Tensei: Isekai Ittara Honki Dasu Part 2,['crunchyroll'],"['drama', 'fantasy', 'ecchi']",['studiobind']
10,Finished Airing,PG-13 - Teens 13 or older,7.27,2646,266,641965,1975,Blood Lad,['crunchyroll'],"['action', 'comedy', 'supernatural']","[""brain'sbase""]"
12,Finished Airing,R - 17+ (violence & profanity),7.83,828,267,639466,7208,91 Days,['crunchyroll'],"['action', 'drama']",['shuka']
12,Finished Airing,PG-13 - Teens 13 or older,7.36,2185,268,639173,1772,Nisekoi:,['crunchyroll'],"['comedy', 'romance']",['shaft']
13,Finished Airing,PG-13 - Teens 13 or older,9.13,2,269,638374,23104,Kaguya-sama wa Kokurasetai: Ultra Romantic,"['crunchyroll', 'funimation']","['comedy', 'suspense']",['a-1pictures']
13,Finished Airing,R+ - Mild Nudity,6.76,5048,270,638268,3289,Rosario to Vampire,"['crunchyroll', 'funimation']","['comedy', 'fantasy', 'romance', 'ecchi']",['gonzo']
13,Finished Airing,R - 17+ (violence & profanity),7.38,2095,271,636280,5156,"Maou Gakuin no Futekigousha: Shijou Saikyou no Maou no Shiso, Tensei shite Shison-tachi no Gakkou e Kayou","['crunchyroll', 'netflix']","['action', 'fantasy']",['silverlink.']
12,Finished Airing,PG-13 - Teens 13 or older,7.12,3412,272,635362,4287,Himouto! Umaru-chan,['hidive'],['genre:comedy'],['dogakobo']
12,Finished Airing,PG-13 - Teens 13 or older,6.88,4463,273,634662,2388,Isekai Maou to Shoukan Shoujo no Dorei Majutsu,"['crunchyroll', 'funimation']","['comedy', 'fantasy', 'ecchi']",['ajia-do']
24,Finished Airing,PG-13 - Teens 13 or older,7.79,898,274,634389,2501,Enen no Shouboutai: Ni no Shou,['crunchyroll'],"['action', 'supernatural']",['davidproduction']
26,Finished Airing,PG-13 - Teens 13 or older,8.17,363,275,634230,13792,K-On!!,['hidive'],['genre:comedy'],['kyotoanimation']
26,Finished Airing,R+ - Mild Nudity,7.75,976,276,624344,7943,Claymore,"['crunchyroll', 'funimation']","['action', 'adventure', 'fantasy', 'supernatural']",['madhouse']
12,Finished Airing,PG-13 - Teens 13 or older,8.38,180,277,624125,12849,Yahari Ore no Seishun Love Comedy wa Machigatteiru. Kan,['crunchyroll'],"['comedy', 'romance']",['feel.']
26,Finished Airing,R - 17+ (violence & profanity),8.77,36,278,620890,22580,Monogatari Series: Second Season,"['crunchyroll', 'funimation']","['comedy', 'mystery', 'romance', 'supernatural']",['shaft']
22,Finished Airing,PG-13 - Teens 13 or older,8.39,170,279,618628,14474,3-gatsu no Lion,"['crunchyroll', 'funimation']","['drama', 'sliceoflife']",['shaft']
12,Finished Airing,R+ - Mild Nudity,7.17,3152,280,618348,6009,Kuzu no Honkai,"['hidive', 'netflix']","['drama', 'romance']",['lerche']
12,Finished Airing,R+ - Mild Nudity,5.54,10941,281,617914,3018,School Days,['crunchyroll'],"['drama', 'romance']",['tnk']
12,Finished Airing,R+ - Mild Nudity,6.72,5255,282,614040,1891,Shinmai Maou no Testament,"['crunchyroll', 'netflix']","['action', 'fantasy', 'romance', 'ecchi']",['productionims']
112,Finished Airing,PG-13 - Teens 13 or older,8.45,138,283,613897,20394,Yuu☆Yuu☆Hakusho,"['crunchyroll', 'funimation']","['action', 'comedy', 'supernatural']",['pierrot']
12,Finished Airing,PG-13 - Teens 13 or older,7.91,695,284,609536,9054,Tonikaku Kawaii,['crunchyroll'],"['comedy', 'romance']",['sevenarcs']
12,Finished Airing,PG-13 - Teens 13 or older,8.39,171,285,608776,12147,Barakamon,['funimation'],['genre:sliceoflife'],['kinemacitrus']
24,Finished Airing,PG-13 - Teens 13 or older,7.91,692,286,608557,4643,Ore Monogatari!!,"['crunchyroll', 'hidive']","['comedy', 'romance']",['madhouse']
24,Finished Airing,PG-13 - Teens 13 or older,7.74,998,287,608101,11309,Lucky☆Star,['funimation'],['genre:comedy'],['kyotoanimation']
1,Finished Airing,PG-13 - Teens 13 or older,8.61,74,288,606291,9373,Seishun Buta Yarou wa Yumemiru Shoujo no Yume wo Minai,"['netflix', 'shahid']","['drama', 'romance', 'supernatural']",['cloverworks']
12,Finished Airing,PG-13 - Teens 13 or older,6.83,4696,289,606117,2135,Gakusen Toshi Asterisk,"['crunchyroll', 'funimation']","['action', 'comedy', 'fantasy', 'romance', 'sci-fi', 'supernatural', 'ecchi']",['a-1pictures']
11,Finished Airing,R - 17+ (violence & profanity),7.4,2030,290,605516,1394,Psycho-Pass 2,['crunchyroll'],"['action', 'sci-fi', 'suspense']",['tatsunokoproduction']
12,Finished Airing,PG-13 - Teens 13 or older,7.76,963,291,605062,6802,Akagami no Shirayuki-hime,"['crunchyroll', 'funimation']","['drama', 'fantasy', 'romance']",['bones']
12,Finished Airing,PG-13 - Teens 13 or older,7.0,3980,292,604348,5085,Watashi ga Motenai no wa Dou Kangaetemo Omaera ga Warui!,['hidive'],['genre:comedy'],['silverlink.']
12,Finished Airing,PG-13 - Teens 13 or older,7.29,2544,293,603912,2892,Blend S,"['crunchyroll', 'funimation']",['genre:comedy'],['a-1pictures']
13,Finished Airing,PG-13 - Teens 13 or older,7.47,1763,294,603140,2494,Amagi Brilliant Park,['hidive'],"['comedy', 'drama', 'fantasy']",['kyotoanimation']
13,Finished Airing,PG-13 - Teens 13 or older,7.43,1931,295,603061,4586,Sukitte Ii na yo.,['hidive'],"['drama', 'romance']",['zexcs']
13,Finished Airing,PG-13 - Teens 13 or older,6.56,6071,296,602747,12248,Tate no Yuusha no Nariagari Season 2,"['crunchyroll', 'funimation']","['action', 'adventure', 'drama', 'fantasy']","['kinemacitrus', 'drmovie']"
13,Finished Airing,PG-13 - Teens 13 or older,7.54,1542,297,600141,5496,Baka to Test to Shoukanjuu,"['crunchyroll', 'funimation']","['comedy', 'romance']",['silverlink.']
12,Finished Airing,PG-13 - Teens 13 or older,7.49,1707,298,596892,4069,Saenai Heroine no Sodatekata,"['crunchyroll', 'funimation']","['comedy', 'romance', 'ecchi']",['a-1pictures']
24,Finished Airing,R+ - Mild Nudity,7.06,3694,299,596458,2198,Strike the Blood,"['crunchyroll', 'netflix']","['action', 'fantasy', 'supernatural', 'ecchi']","['silverlink.', 'connect']"
12,Finished Airing,PG-13 - Teens 13 or older,6.65,5628,300,595707,2215,IS: Infinite Stratos,['hidive'],"['action', 'comedy', 'sci-fi', 'ecchi']",['8bit']
